trial_id,title,status,phase,start_date,completion_date,primary_completion,enrollment,enrollment_type,conditions,intervention_names,intervention_types,sponsor,sponsor_class,countries,min_age,max_age,gender,std_ages,primary_outcome,results_posted,start_year,is_pediatric
NCT40000461,A Study of Investigational BCMA CAR-T in Patients with Mantle Cell Lymphoma,RECRUITING,Phase 3,2010-01-06,2015-01-10,2014-03-11,718,ACTUAL,Mantle Cell Lymphoma,Investigational BCMA CAR-T,BIOLOGICAL,Chinese PLA General Hospital,OTHER,China,2,99,ALL,CHILD | ADULT,Overall Response Rate (ORR),False,2010,True
NCT40000303,A Study of Ciltacabtagene autoleucel (Carvykti) in Patients with Solid Tumor - Neuroblastoma,RECRUITING,Phase 1,2010-01-15,2015-12-15,2014-12-20,50,ACTUAL,Solid Tumor - Neuroblastoma,Ciltacabtagene autoleucel (Carvykti),BIOLOGICAL,Fred Hutchinson Cancer Center,OTHER,United States,6,99,ALL,ADULT | OLDER_ADULT,Progression-Free Survival (PFS),False,2010,False
NCT40000105,A Study of Investigational Mesothelin CAR-T in Patients with Solid Tumor - Lung Cancer,COMPLETED,Phase 1,2010-01-24,2012-06-12,2012-01-19,15,ACTUAL,Solid Tumor - Lung Cancer,Investigational Mesothelin CAR-T,BIOLOGICAL,Janssen / Johnson & Johnson,INDUSTRY,Germany,6,85,ALL,ADULT | OLDER_ADULT,Complete Response Rate (CRR),True,2010,False
NCT40000030,A Study of Investigational Mesothelin CAR-T in Patients with Diffuse Large B-Cell Lymphoma,RECRUITING,Phase 1,2010-01-30,2012-10-16,2012-05-04,14,ACTUAL,Diffuse Large B-Cell Lymphoma,Investigational Mesothelin CAR-T,BIOLOGICAL,Novartis,INDUSTRY,United States,2,85,FEMALE,CHILD | ADULT,Maximum Tolerated Dose (MTD),False,2010,True
NCT40000420,A Study of Idecabtagene vicleucel (Abecma) in Patients with Pediatric ALL,ACTIVE_NOT_RECRUITING,Phase 2,2010-02-08,2012-05-28,2012-01-09,94,ACTUAL,Pediatric ALL,Idecabtagene vicleucel (Abecma),BIOLOGICAL,Janssen / Johnson & Johnson,INDUSTRY,Germany,2,99,FEMALE,CHILD | ADULT | OLDER_ADULT,Complete Response Rate (CRR),False,2010,True
NCT40000262,A Study of Tisagenlecleucel (Kymriah) in Patients with Multiple Myeloma,TERMINATED,N/A,2010-03-08,2014-10-13,2014-01-06,26,ESTIMATED,Multiple Myeloma,Tisagenlecleucel (Kymriah),BIOLOGICAL,MD Anderson Cancer Center,OTHER,United States,2,75,ALL,CHILD | ADULT | OLDER_ADULT,Progression-Free Survival (PFS),False,2010,True
NCT40000328,A Study of Investigational Dual-target CAR-T in Patients with Follicular Lymphoma,COMPLETED,Phase 1 | Phase 2,2010-03-14,2013-08-25,2013-01-27,36,ACTUAL,Follicular Lymphoma,Investigational Dual-target CAR-T,BIOLOGICAL,Legend Biotech,INDUSTRY,Israel,6,75,FEMALE,ADULT,Safety and Tolerability,True,2010,False
NCT40000091,A Study of Investigational BCMA CAR-T in Patients with T-cell Lymphoma,COMPLETED,Phase 1,2010-03-18,2015-11-17,2014-12-07,35,ACTUAL,T-cell Lymphoma,Investigational BCMA CAR-T,BIOLOGICAL,Legend Biotech,INDUSTRY,Australia,2,80,FEMALE,CHILD | ADULT,Maximum Tolerated Dose (MTD),True,2010,True
NCT40000305,A Study of Brexucabtagene autoleucel (Tecartus) in Patients with Acute Myeloid Leukemia,ACTIVE_NOT_RECRUITING,Phase 1 | Phase 2,2010-04-04,2012-07-22,2012-03-04,46,ACTUAL,Acute Myeloid Leukemia,Brexucabtagene autoleucel (Tecartus),BIOLOGICAL,Bristol Myers Squibb,INDUSTRY,China,2,80,ALL,CHILD | ADULT,Duration of Response (DOR),False,2010,True
NCT40000228,A Study of Tisagenlecleucel (Kymriah) in Patients with Acute Myeloid Leukemia,RECRUITING,Phase 1,2010-04-12,2012-09-28,2012-05-01,32,ACTUAL,Acute Myeloid Leukemia,Tisagenlecleucel (Kymriah),BIOLOGICAL,Memorial Sloan Kettering,OTHER,China,2,99,ALL,CHILD | ADULT,Overall Survival (OS),False,2010,True
NCT40000146,A Study of Investigational Mesothelin CAR-T in Patients with B-cell Non-Hodgkin Lymphoma,COMPLETED,Phase 1,2010-05-14,2013-02-27,2012-09-10,10,ESTIMATED,B-cell Non-Hodgkin Lymphoma,Investigational Mesothelin CAR-T,BIOLOGICAL,Kite Pharma / Gilead,INDUSTRY,United States,2,75,FEMALE,CHILD | ADULT,Progression-Free Survival (PFS),False,2010,True
NCT40000343,A Study of Brexucabtagene autoleucel (Tecartus) in Patients with B-cell Non-Hodgkin Lymphoma,RECRUITING,Phase 3,2010-06-06,2012-07-25,2012-03-17,429,ACTUAL,B-cell Non-Hodgkin Lymphoma,Brexucabtagene autoleucel (Tecartus),BIOLOGICAL,Gracell Biotechnologies,INDUSTRY,China,18,80,ALL,ADULT | OLDER_ADULT,Progression-Free Survival (PFS),False,2010,False
NCT40000054,A Study of Investigational GD2 CAR-T in Patients with T-cell Lymphoma,ACTIVE_NOT_RECRUITING,Phase 1 | Phase 2,2010-06-16,2014-08-24,2013-12-12,39,ESTIMATED,T-cell Lymphoma,Investigational GD2 CAR-T,BIOLOGICAL,Kite Pharma / Gilead,INDUSTRY,United States,18,80,ALL,ADULT | OLDER_ADULT,Complete Response Rate (CRR),False,2010,False
NCT40000200,A Study of Investigational CD22 CAR-T in Patients with Multiple Myeloma,ACTIVE_NOT_RECRUITING,Phase 2,2010-07-06,2013-01-21,2012-08-19,168,ESTIMATED,Multiple Myeloma,Investigational CD22 CAR-T,BIOLOGICAL,Fred Hutchinson Cancer Center,OTHER,South Korea,6,99,ALL,ADULT,Overall Survival (OS),False,2010,False
NCT40000267,A Study of Idecabtagene vicleucel (Abecma) in Patients with Relapsed/Refractory B-cell Lymphoma,RECRUITING,N/A,2010-08-08,2016-01-09,2015-02-13,24,ACTUAL,Relapsed/Refractory B-cell Lymphoma,Idecabtagene vicleucel (Abecma),BIOLOGICAL,MD Anderson Cancer Center,OTHER,Israel,2,80,MALE,CHILD | ADULT,Cytokine Release Syndrome Incidence,False,2010,True
NCT40000060,A Study of Ciltacabtagene autoleucel (Carvykti) in Patients with B-cell Non-Hodgkin Lymphoma,RECRUITING,Phase 3,2010-08-24,2014-03-06,2013-08-03,532,ESTIMATED,B-cell Non-Hodgkin Lymphoma,Ciltacabtagene autoleucel (Carvykti),BIOLOGICAL,Janssen / Johnson & Johnson,INDUSTRY,China,2,80,FEMALE,CHILD | ADULT | OLDER_ADULT,Overall Survival (OS),False,2010,True
NCT40000108,A Study of Investigational CD33 CAR-T in Patients with Diffuse Large B-Cell Lymphoma,COMPLETED,Phase 2,2010-09-13,2011-12-07,2011-09-23,172,ACTUAL,Diffuse Large B-Cell Lymphoma,Investigational CD33 CAR-T,BIOLOGICAL,Fred Hutchinson Cancer Center,OTHER,China,2,99,MALE,CHILD | ADULT,Maximum Tolerated Dose (MTD),True,2010,True
NCT40000017,A Study of Tisagenlecleucel (Kymriah) in Patients with Solid Tumor - Neuroblastoma,NOT_YET_RECRUITING,Phase 1,2010-09-15,2016-03-17,2015-04-17,27,ESTIMATED,Solid Tumor - Neuroblastoma,Tisagenlecleucel (Kymriah),BIOLOGICAL,University of Pennsylvania,OTHER,United States,18,80,ALL,ADULT | OLDER_ADULT,Maximum Tolerated Dose (MTD),False,2010,False
NCT40000236,A Study of Investigational CD33 CAR-T in Patients with B-cell Non-Hodgkin Lymphoma,NOT_YET_RECRUITING,Phase 1,2010-10-29,2015-12-02,2015-01-26,29,ACTUAL,B-cell Non-Hodgkin Lymphoma,Investigational CD33 CAR-T,BIOLOGICAL,MD Anderson Cancer Center,OTHER,United Kingdom,2,75,FEMALE,CHILD | ADULT | OLDER_ADULT,Overall Survival (OS),False,2010,True
NCT40000095,A Study of Investigational CD33 CAR-T in Patients with Mantle Cell Lymphoma,COMPLETED,Phase 1 | Phase 2,2010-11-19,2013-06-06,2013-01-02,76,ACTUAL,Mantle Cell Lymphoma,Investigational CD33 CAR-T,BIOLOGICAL,University of Pennsylvania,OTHER,France,18,80,ALL,ADULT,Safety and Tolerability,False,2010,False
NCT40000459,A Study of Axicabtagene ciloleucel (Yescarta) in Patients with Solid Tumor - Neuroblastoma,NOT_YET_RECRUITING,Phase 1,2010-11-20,2014-06-02,2013-10-30,34,ESTIMATED,Solid Tumor - Neuroblastoma,Axicabtagene ciloleucel (Yescarta),BIOLOGICAL,Poseida Therapeutics,INDUSTRY,United States,6,85,ALL,ADULT | OLDER_ADULT,Overall Survival (OS),False,2010,False
NCT40000397,A Study of Investigational CD33 CAR-T in Patients with Pediatric ALL,ACTIVE_NOT_RECRUITING,Phase 1 | Phase 2,2010-11-28,2013-01-16,2012-09-08,82,ACTUAL,Pediatric ALL,Investigational CD33 CAR-T,BIOLOGICAL,University of Pennsylvania,OTHER,China,2,80,ALL,CHILD | ADULT | OLDER_ADULT,Safety and Tolerability,False,2010,True
NCT40000164,A Study of Lisocabtagene maraleucel (Breyanzi) in Patients with T-cell Lymphoma,ACTIVE_NOT_RECRUITING,Phase 2,2010-12-04,2016-03-07,2015-04-22,271,ACTUAL,T-cell Lymphoma,Lisocabtagene maraleucel (Breyanzi),BIOLOGICAL,MD Anderson Cancer Center,OTHER,United Kingdom,2,75,MALE,CHILD | ADULT,Overall Response Rate (ORR),False,2010,True
NCT40000250,A Study of Investigational CD33 CAR-T in Patients with Acute Lymphoblastic Leukemia,SUSPENDED,N/A,2010-12-07,2015-11-11,2015-01-15,33,ESTIMATED,Acute Lymphoblastic Leukemia,Investigational CD33 CAR-T,BIOLOGICAL,Legend Biotech,INDUSTRY,United Kingdom,2,80,MALE,CHILD | ADULT,Complete Response Rate (CRR),False,2010,True
NCT40000379,A Study of Investigational CD22 CAR-T in Patients with Solid Tumor - Lung Cancer,RECRUITING,Phase 2,2010-12-26,2013-06-13,2013-01-14,279,ESTIMATED,Solid Tumor - Lung Cancer,Investigational CD22 CAR-T,BIOLOGICAL,Peking University,OTHER,China,2,80,ALL,CHILD | ADULT | OLDER_ADULT,Complete Response Rate (CRR),False,2010,True
NCT40000100,A Study of Allogeneic CAR-T (off-the-shelf) in Patients with Mantle Cell Lymphoma,TERMINATED,Phase 3,2011-01-07,2016-12-06,2015-12-12,238,ACTUAL,Mantle Cell Lymphoma,Allogeneic CAR-T (off-the-shelf),BIOLOGICAL,University of Pennsylvania,OTHER,United States,18,99,FEMALE,ADULT,Complete Response Rate (CRR),False,2011,False
NCT40000221,A Study of Idecabtagene vicleucel (Abecma) in Patients with Solid Tumor - Lung Cancer,SUSPENDED,Phase 1,2011-01-17,2016-11-16,2015-11-27,10,ACTUAL,Solid Tumor - Lung Cancer,Idecabtagene vicleucel (Abecma),BIOLOGICAL,Fred Hutchinson Cancer Center,OTHER,United States,2,85,MALE,CHILD | ADULT | OLDER_ADULT,Progression-Free Survival (PFS),False,2011,True
NCT40000010,A Study of Brexucabtagene autoleucel (Tecartus) in Patients with Follicular Lymphoma,RECRUITING,Phase 1 | Phase 2,2011-01-21,2016-07-23,2015-08-23,34,ACTUAL,Follicular Lymphoma,Brexucabtagene autoleucel (Tecartus),BIOLOGICAL,Bristol Myers Squibb,INDUSTRY,United States,2,80,MALE,CHILD | ADULT | OLDER_ADULT,Cytokine Release Syndrome Incidence,False,2011,True
NCT40000149,A Study of Axicabtagene ciloleucel (Yescarta) in Patients with Solid Tumor - Mesothelioma,COMPLETED,Phase 2,2011-01-27,2016-07-29,2015-08-29,217,ESTIMATED,Solid Tumor - Mesothelioma,Axicabtagene ciloleucel (Yescarta),BIOLOGICAL,University of Pennsylvania,OTHER,China,2,75,ALL,CHILD | ADULT,Cytokine Release Syndrome Incidence,False,2011,True
NCT40000288,A Study of Tisagenlecleucel (Kymriah) in Patients with Solid Tumor - Neuroblastoma,NOT_YET_RECRUITING,Phase 3,2011-02-06,2015-08-14,2014-11-12,506,ACTUAL,Solid Tumor - Neuroblastoma,Tisagenlecleucel (Kymriah),BIOLOGICAL,Janssen / Johnson & Johnson,INDUSTRY,United Kingdom,2,85,ALL,CHILD | ADULT | OLDER_ADULT,Overall Response Rate (ORR),False,2011,True
NCT40000177,A Study of Investigational Dual-target CAR-T in Patients with Solid Tumor - Mesothelioma,COMPLETED,Phase 2,2011-02-25,2015-03-06,2014-07-04,172,ACTUAL,Solid Tumor - Mesothelioma,Investigational Dual-target CAR-T,BIOLOGICAL,Peking University,OTHER,Japan,6,99,MALE,ADULT | OLDER_ADULT,Overall Survival (OS),False,2011,False
NCT40000309,A Study of Allogeneic CAR-T (off-the-shelf) in Patients with Diffuse Large B-Cell Lymphoma,COMPLETED,Phase 1,2011-03-15,2012-09-05,2012-06-07,27,ESTIMATED,Diffuse Large B-Cell Lymphoma,Allogeneic CAR-T (off-the-shelf),BIOLOGICAL,Poseida Therapeutics,INDUSTRY,United States,2,80,ALL,CHILD | ADULT | OLDER_ADULT,Safety and Tolerability,False,2011,True
NCT40000019,A Study of Investigational Dual-target CAR-T in Patients with Chronic Lymphocytic Leukemia,COMPLETED,Phase 1,2011-03-20,2015-09-25,2014-12-24,47,ACTUAL,Chronic Lymphocytic Leukemia,Investigational Dual-target CAR-T,BIOLOGICAL,Gracell Biotechnologies,INDUSTRY,China,2,75,FEMALE,CHILD | ADULT | OLDER_ADULT,Cytokine Release Syndrome Incidence,True,2011,True
NCT40000475,A Study of Allogeneic CAR-T (off-the-shelf) in Patients with Solid Tumor - Mesothelioma,ACTIVE_NOT_RECRUITING,Phase 3,2011-04-04,2017-01-02,2016-01-18,542,ESTIMATED,Solid Tumor - Mesothelioma,Allogeneic CAR-T (off-the-shelf),BIOLOGICAL,MD Anderson Cancer Center,OTHER,Israel,18,99,FEMALE,ADULT,Complete Response Rate (CRR),False,2011,False
NCT40000089,A Study of Allogeneic CAR-T (off-the-shelf) in Patients with Mantle Cell Lymphoma,RECRUITING,Phase 2,2011-04-05,2013-09-21,2013-04-24,141,ACTUAL,Mantle Cell Lymphoma,Allogeneic CAR-T (off-the-shelf),BIOLOGICAL,University of Toronto,OTHER,China,18,99,ALL,ADULT,Overall Survival (OS),False,2011,False
NCT40000299,A Study of Investigational CD22 CAR-T in Patients with Mantle Cell Lymphoma,COMPLETED,Phase 2,2011-04-06,2013-05-25,2013-01-15,204,ACTUAL,Mantle Cell Lymphoma,Investigational CD22 CAR-T,BIOLOGICAL,Bristol Myers Squibb,INDUSTRY,United States,6,99,FEMALE,ADULT,Duration of Response (DOR),False,2011,False
NCT40000128,A Study of Investigational CD22 CAR-T in Patients with Acute Lymphoblastic Leukemia,RECRUITING,Phase 1,2011-04-12,2014-02-25,2013-09-03,24,ACTUAL,Acute Lymphoblastic Leukemia,Investigational CD22 CAR-T,BIOLOGICAL,Legend Biotech,INDUSTRY,United States,2,75,FEMALE,CHILD | ADULT | OLDER_ADULT,Cytokine Release Syndrome Incidence,False,2011,True
NCT40000338,A Study of Investigational BCMA CAR-T in Patients with Acute Myeloid Leukemia,SUSPENDED,Phase 1 | Phase 2,2011-04-21,2012-04-15,2012-02-15,77,ACTUAL,Acute Myeloid Leukemia,Investigational BCMA CAR-T,BIOLOGICAL,University of Pennsylvania,OTHER,France,2,85,ALL,CHILD | ADULT,Progression-Free Survival (PFS),False,2011,True
NCT40000466,A Study of Brexucabtagene autoleucel (Tecartus) in Patients with Relapsed/Refractory B-cell Lymphoma,TERMINATED,Phase 1,2011-04-23,2016-07-25,2015-09-09,45,ACTUAL,Relapsed/Refractory B-cell Lymphoma,Brexucabtagene autoleucel (Tecartus),BIOLOGICAL,Fred Hutchinson Cancer Center,OTHER,Canada,2,85,FEMALE,CHILD | ADULT,Complete Response Rate (CRR),False,2011,True
NCT40000022,A Study of Lisocabtagene maraleucel (Breyanzi) in Patients with Chronic Lymphocytic Leukemia,WITHDRAWN,Phase 1,2011-04-26,2013-02-14,2012-10-27,30,ESTIMATED,Chronic Lymphocytic Leukemia,Lisocabtagene maraleucel (Breyanzi),BIOLOGICAL,National Cancer Institute,NIH,China,18,99,FEMALE,ADULT | OLDER_ADULT,Maximum Tolerated Dose (MTD),False,2011,False
NCT40000270,A Study of Investigational CD33 CAR-T in Patients with Acute Lymphoblastic Leukemia,COMPLETED,Phase 1 | Phase 2,2011-05-11,2017-04-09,2016-04-14,70,ESTIMATED,Acute Lymphoblastic Leukemia,Investigational CD33 CAR-T,BIOLOGICAL,Kite Pharma / Gilead,INDUSTRY,United States,6,99,ALL,ADULT | OLDER_ADULT,Cytokine Release Syndrome Incidence,True,2011,False
NCT40000179,A Study of Investigational CD19 CAR-T in Patients with Relapsed/Refractory B-cell Lymphoma,ACTIVE_NOT_RECRUITING,Phase 1,2011-05-26,2016-01-30,2015-04-20,14,ESTIMATED,Relapsed/Refractory B-cell Lymphoma,Investigational CD19 CAR-T,BIOLOGICAL,Peking University,OTHER,Japan,2,80,MALE,CHILD | ADULT | OLDER_ADULT,Maximum Tolerated Dose (MTD),False,2011,True
NCT40000243,A Study of Investigational CD19 CAR-T in Patients with Diffuse Large B-Cell Lymphoma,WITHDRAWN,Phase 2,2011-05-28,2015-05-07,2014-09-09,76,ESTIMATED,Diffuse Large B-Cell Lymphoma,Investigational CD19 CAR-T,BIOLOGICAL,Fred Hutchinson Cancer Center,OTHER,United States,6,80,ALL,ADULT | OLDER_ADULT,Duration of Response (DOR),False,2011,False
NCT40000462,A Study of Investigational CD33 CAR-T in Patients with Solid Tumor - Lung Cancer,TERMINATED,Phase 3,2011-06-03,2015-11-09,2015-02-12,751,ESTIMATED,Solid Tumor - Lung Cancer,Investigational CD33 CAR-T,BIOLOGICAL,Gracell Biotechnologies,INDUSTRY,China,12,80,MALE,ADULT | OLDER_ADULT,Progression-Free Survival (PFS),False,2011,False
NCT40000107,A Study of Lisocabtagene maraleucel (Breyanzi) in Patients with Solid Tumor - Neuroblastoma,COMPLETED,Phase 2,2011-06-05,2014-11-16,2014-04-20,164,ESTIMATED,Solid Tumor - Neuroblastoma,Lisocabtagene maraleucel (Breyanzi),BIOLOGICAL,Poseida Therapeutics,INDUSTRY,Japan,6,75,MALE,ADULT,Overall Survival (OS),True,2011,False
NCT40000380,A Study of Tisagenlecleucel (Kymriah) in Patients with Multiple Myeloma,TERMINATED,Phase 3,2011-06-21,2013-07-10,2013-03-07,418,ACTUAL,Multiple Myeloma,Tisagenlecleucel (Kymriah),BIOLOGICAL,Peking University,OTHER,France,12,75,MALE,ADULT,Cytokine Release Syndrome Incidence,False,2011,False
NCT40000008,A Study of Idecabtagene vicleucel (Abecma) in Patients with Solid Tumor - Lung Cancer,COMPLETED,Phase 1,2011-06-27,2013-07-16,2013-03-13,42,ACTUAL,Solid Tumor - Lung Cancer,Idecabtagene vicleucel (Abecma),BIOLOGICAL,Kite Pharma / Gilead,INDUSTRY,United States,2,85,ALL,CHILD | ADULT | OLDER_ADULT,Maximum Tolerated Dose (MTD),True,2011,True
NCT40000240,A Study of Brexucabtagene autoleucel (Tecartus) in Patients with B-cell Non-Hodgkin Lymphoma,RECRUITING,N/A,2011-07-05,2014-01-20,2013-08-18,7,ACTUAL,B-cell Non-Hodgkin Lymphoma,Brexucabtagene autoleucel (Tecartus),BIOLOGICAL,Novartis,INDUSTRY,China,2,75,FEMALE,CHILD | ADULT | OLDER_ADULT,Duration of Response (DOR),False,2011,True
NCT40000005,A Study of Investigational Mesothelin CAR-T in Patients with T-cell Lymphoma,ACTIVE_NOT_RECRUITING,Phase 2,2011-07-24,2012-09-16,2012-07-08,219,ACTUAL,T-cell Lymphoma,Investigational Mesothelin CAR-T,BIOLOGICAL,MD Anderson Cancer Center,OTHER,Canada,18,85,ALL,ADULT | OLDER_ADULT,Overall Survival (OS),False,2011,False
NCT40000073,A Study of Tisagenlecleucel (Kymriah) in Patients with Relapsed/Refractory B-cell Lymphoma,COMPLETED,Phase 1,2011-08-08,2012-10-31,2012-08-17,16,ESTIMATED,Relapsed/Refractory B-cell Lymphoma,Tisagenlecleucel (Kymriah),BIOLOGICAL,Janssen / Johnson & Johnson,INDUSTRY,United States,2,85,ALL,CHILD | ADULT,Complete Response Rate (CRR),True,2011,True
NCT40000166,A Study of Investigational BCMA CAR-T in Patients with Follicular Lymphoma,ACTIVE_NOT_RECRUITING,Phase 1 | Phase 2,2011-08-21,2016-03-27,2015-06-21,27,ESTIMATED,Follicular Lymphoma,Investigational BCMA CAR-T,BIOLOGICAL,Peking University,OTHER,China,2,80,FEMALE,CHILD | ADULT,Cytokine Release Syndrome Incidence,False,2011,True
NCT40000031,A Study of Investigational CD22 CAR-T in Patients with Solid Tumor - Neuroblastoma,COMPLETED,Phase 1 | Phase 2,2011-09-09,2017-08-08,2016-08-13,39,ESTIMATED,Solid Tumor - Neuroblastoma,Investigational CD22 CAR-T,BIOLOGICAL,Poseida Therapeutics,INDUSTRY,United States,18,80,MALE,ADULT,Progression-Free Survival (PFS),True,2011,False
NCT40000126,A Study of Lisocabtagene maraleucel (Breyanzi) in Patients with Mantle Cell Lymphoma,RECRUITING,Phase 1,2011-09-10,2013-07-31,2013-04-07,46,ESTIMATED,Mantle Cell Lymphoma,Lisocabtagene maraleucel (Breyanzi),BIOLOGICAL,Janssen / Johnson & Johnson,INDUSTRY,South Korea,12,99,ALL,ADULT | OLDER_ADULT,Duration of Response (DOR),False,2011,False
NCT40000122,A Study of Investigational Mesothelin CAR-T in Patients with Solid Tumor - Neuroblastoma,RECRUITING,Phase 3,2011-09-30,2017-04-01,2016-05-01,520,ESTIMATED,Solid Tumor - Neuroblastoma,Investigational Mesothelin CAR-T,BIOLOGICAL,Kite Pharma / Gilead,INDUSTRY,China,6,99,FEMALE,ADULT,Cytokine Release Syndrome Incidence,False,2011,False
NCT40000223,A Study of Investigational Dual-target CAR-T in Patients with Relapsed/Refractory B-cell Lymphoma,NOT_YET_RECRUITING,Phase 2,2011-10-05,2015-05-17,2014-10-09,240,ACTUAL,Relapsed/Refractory B-cell Lymphoma,Investigational Dual-target CAR-T,BIOLOGICAL,Gracell Biotechnologies,INDUSTRY,Canada,18,75,FEMALE,ADULT | OLDER_ADULT,Cytokine Release Syndrome Incidence,False,2011,False
NCT40000124,A Study of Investigational Mesothelin CAR-T in Patients with Acute Lymphoblastic Leukemia,NOT_YET_RECRUITING,Phase 1 | Phase 2,2011-10-07,2014-10-21,2014-04-19,59,ACTUAL,Acute Lymphoblastic Leukemia,Investigational Mesothelin CAR-T,BIOLOGICAL,Janssen / Johnson & Johnson,INDUSTRY,United Kingdom,2,85,FEMALE,CHILD | ADULT | OLDER_ADULT,Duration of Response (DOR),False,2011,True
NCT40000090,A Study of Investigational CD22 CAR-T in Patients with Chronic Lymphocytic Leukemia,COMPLETED,Phase 3,2011-10-09,2015-12-17,2015-04-06,591,ACTUAL,Chronic Lymphocytic Leukemia,Investigational CD22 CAR-T,BIOLOGICAL,MD Anderson Cancer Center,OTHER,United States,18,99,ALL,ADULT | OLDER_ADULT,Overall Survival (OS),True,2011,False
NCT40000183,A Study of Investigational GD2 CAR-T in Patients with Solid Tumor - Mesothelioma,RECRUITING,Phase 3,2011-10-10,2014-07-26,2014-02-06,652,ACTUAL,Solid Tumor - Mesothelioma,Investigational GD2 CAR-T,BIOLOGICAL,Bristol Myers Squibb,INDUSTRY,United States,18,99,ALL,ADULT,Overall Survival (OS),False,2011,False
NCT40000087,A Study of Investigational BCMA CAR-T in Patients with Solid Tumor - Mesothelioma,COMPLETED,Phase 1 | Phase 2,2011-10-20,2017-03-22,2016-04-26,62,ESTIMATED,Solid Tumor - Mesothelioma,Investigational BCMA CAR-T,BIOLOGICAL,Legend Biotech,INDUSTRY,France,2,99,ALL,CHILD | ADULT | OLDER_ADULT,Maximum Tolerated Dose (MTD),True,2011,True
NCT40000219,A Study of Investigational CD19 CAR-T in Patients with B-cell Non-Hodgkin Lymphoma,TERMINATED,Phase 1,2011-10-23,2016-02-29,2015-06-09,47,ESTIMATED,B-cell Non-Hodgkin Lymphoma,Investigational CD19 CAR-T,BIOLOGICAL,MD Anderson Cancer Center,OTHER,United States,18,75,ALL,ADULT | OLDER_ADULT,Cytokine Release Syndrome Incidence,False,2011,False
NCT40000132,A Study of Allogeneic CAR-T (off-the-shelf) in Patients with Solid Tumor - Lung Cancer,RECRUITING,Phase 1,2011-10-30,2015-11-08,2015-03-08,48,ESTIMATED,Solid Tumor - Lung Cancer,Allogeneic CAR-T (off-the-shelf),BIOLOGICAL,University of Pennsylvania,OTHER,China,18,85,MALE,ADULT | OLDER_ADULT,Cytokine Release Syndrome Incidence,False,2011,False
NCT40000025,A Study of Tisagenlecleucel (Kymriah) in Patients with Pediatric ALL,COMPLETED,Phase 1 | Phase 2,2011-11-03,2014-12-17,2014-06-10,94,ESTIMATED,Pediatric ALL,Tisagenlecleucel (Kymriah),BIOLOGICAL,Janssen / Johnson & Johnson,INDUSTRY,France,2,85,MALE,ADULT,Overall Survival (OS),True,2011,True
NCT40000478,A Study of Ciltacabtagene autoleucel (Carvykti) in Patients with Solid Tumor - Mesothelioma,RECRUITING,Phase 1 | Phase 2,2011-11-08,2015-04-21,2014-09-23,93,ESTIMATED,Solid Tumor - Mesothelioma,Ciltacabtagene autoleucel (Carvykti),BIOLOGICAL,Poseida Therapeutics,INDUSTRY,China,18,99,ALL,ADULT | OLDER_ADULT,Complete Response Rate (CRR),False,2011,False
NCT40000271,A Study of Tisagenlecleucel (Kymriah) in Patients with T-cell Lymphoma,ACTIVE_NOT_RECRUITING,N/A,2011-11-16,2014-06-03,2013-12-30,10,ACTUAL,T-cell Lymphoma,Tisagenlecleucel (Kymriah),BIOLOGICAL,Memorial Sloan Kettering,OTHER,United States,6,80,MALE,ADULT | OLDER_ADULT,Duration of Response (DOR),False,2011,False
NCT40000290,A Study of Lisocabtagene maraleucel (Breyanzi) in Patients with Follicular Lymphoma,COMPLETED,Phase 1 | Phase 2,2011-11-20,2015-11-29,2015-03-29,95,ACTUAL,Follicular Lymphoma,Lisocabtagene maraleucel (Breyanzi),BIOLOGICAL,Chinese PLA General Hospital,OTHER,Australia,2,75,FEMALE,CHILD | ADULT,Complete Response Rate (CRR),False,2011,True
NCT40000112,A Study of Lisocabtagene maraleucel (Breyanzi) in Patients with T-cell Lymphoma,RECRUITING,Phase 1,2011-12-01,2013-04-24,2013-01-29,33,ACTUAL,T-cell Lymphoma,Lisocabtagene maraleucel (Breyanzi),BIOLOGICAL,University of Toronto,OTHER,United States,18,85,FEMALE,ADULT,Overall Response Rate (ORR),False,2011,False
NCT40000145,A Study of Investigational CD33 CAR-T in Patients with Acute Myeloid Leukemia,ACTIVE_NOT_RECRUITING,Phase 1,2011-12-03,2015-08-14,2015-01-01,29,ACTUAL,Acute Myeloid Leukemia,Investigational CD33 CAR-T,BIOLOGICAL,Janssen / Johnson & Johnson,INDUSTRY,United States,2,75,MALE,CHILD | ADULT | OLDER_ADULT,Cytokine Release Syndrome Incidence,False,2011,True
NCT40000482,A Study of Axicabtagene ciloleucel (Yescarta) in Patients with Solid Tumor - Lung Cancer,RECRUITING,Phase 1,2011-12-04,2013-06-26,2013-03-23,9,ACTUAL,Solid Tumor - Lung Cancer,Axicabtagene ciloleucel (Yescarta),BIOLOGICAL,Janssen / Johnson & Johnson,INDUSTRY,United States,2,80,ALL,CHILD | ADULT,Safety and Tolerability,False,2011,True
NCT40000227,A Study of Investigational BCMA CAR-T in Patients with Acute Myeloid Leukemia,WITHDRAWN,Phase 1 | Phase 2,2011-12-17,2013-11-06,2013-07-14,75,ACTUAL,Acute Myeloid Leukemia,Investigational BCMA CAR-T,BIOLOGICAL,Peking University,OTHER,United States,12,99,ALL,ADULT,Overall Response Rate (ORR),False,2011,False
NCT40000261,A Study of Allogeneic CAR-T (off-the-shelf) in Patients with Solid Tumor - Neuroblastoma,RECRUITING,Phase 2,2012-01-18,2016-09-23,2015-12-13,74,ACTUAL,Solid Tumor - Neuroblastoma,Allogeneic CAR-T (off-the-shelf),BIOLOGICAL,Peking University,OTHER,France,2,75,ALL,CHILD | ADULT | OLDER_ADULT,Maximum Tolerated Dose (MTD),False,2012,True
NCT40000207,A Study of Ciltacabtagene autoleucel (Carvykti) in Patients with Follicular Lymphoma,RECRUITING,N/A,2012-01-28,2015-11-08,2015-03-23,17,ESTIMATED,Follicular Lymphoma,Ciltacabtagene autoleucel (Carvykti),BIOLOGICAL,Gracell Biotechnologies,INDUSTRY,China,2,75,ALL,CHILD | ADULT | OLDER_ADULT,Cytokine Release Syndrome Incidence,False,2012,True
NCT40000111,A Study of Idecabtagene vicleucel (Abecma) in Patients with Chronic Lymphocytic Leukemia,RECRUITING,Phase 2,2012-02-18,2014-10-05,2014-04-28,159,ESTIMATED,Chronic Lymphocytic Leukemia,Idecabtagene vicleucel (Abecma),BIOLOGICAL,Gracell Biotechnologies,INDUSTRY,China,2,85,FEMALE,CHILD | ADULT | OLDER_ADULT,Duration of Response (DOR),False,2012,True
NCT40000463,A Study of Investigational CD33 CAR-T in Patients with Mantle Cell Lymphoma,COMPLETED,Phase 1 | Phase 2,2012-02-28,2015-11-09,2015-03-29,28,ACTUAL,Mantle Cell Lymphoma,Investigational CD33 CAR-T,BIOLOGICAL,Gracell Biotechnologies,INDUSTRY,United States,2,80,FEMALE,CHILD | ADULT,Overall Response Rate (ORR),False,2012,True
NCT40000311,A Study of Axicabtagene ciloleucel (Yescarta) in Patients with Chronic Lymphocytic Leukemia,COMPLETED,Phase 1,2012-03-05,2013-03-30,2013-01-24,19,ACTUAL,Chronic Lymphocytic Leukemia,Axicabtagene ciloleucel (Yescarta),BIOLOGICAL,Novartis,INDUSTRY,United States,2,85,ALL,CHILD | ADULT | OLDER_ADULT,Maximum Tolerated Dose (MTD),False,2012,True
NCT40000334,A Study of Investigational Mesothelin CAR-T in Patients with T-cell Lymphoma,COMPLETED,Phase 1,2012-03-10,2015-08-22,2015-01-24,14,ESTIMATED,T-cell Lymphoma,Investigational Mesothelin CAR-T,BIOLOGICAL,University of Toronto,OTHER,United States,6,80,MALE,ADULT | OLDER_ADULT,Complete Response Rate (CRR),True,2012,False
NCT40000021,A Study of Investigational BCMA CAR-T in Patients with Follicular Lymphoma,RECRUITING,Phase 1,2012-03-13,2013-06-06,2013-03-23,47,ACTUAL,Follicular Lymphoma,Investigational BCMA CAR-T,BIOLOGICAL,Chinese PLA General Hospital,OTHER,United Kingdom,2,75,ALL,CHILD | ADULT | OLDER_ADULT,Overall Survival (OS),False,2012,True
NCT40000434,A Study of Ciltacabtagene autoleucel (Carvykti) in Patients with Mantle Cell Lymphoma,COMPLETED,Phase 1,2012-03-21,2016-10-26,2016-01-20,16,ACTUAL,Mantle Cell Lymphoma,Ciltacabtagene autoleucel (Carvykti),BIOLOGICAL,Memorial Sloan Kettering,OTHER,China,18,99,MALE,ADULT,Maximum Tolerated Dose (MTD),False,2012,False
NCT40000086,A Study of Lisocabtagene maraleucel (Breyanzi) in Patients with Relapsed/Refractory B-cell Lymphoma,COMPLETED,Phase 2,2012-03-27,2015-12-07,2015-04-26,283,ACTUAL,Relapsed/Refractory B-cell Lymphoma,Lisocabtagene maraleucel (Breyanzi),BIOLOGICAL,MD Anderson Cancer Center,OTHER,China,18,99,ALL,ADULT,Complete Response Rate (CRR),True,2012,False
NCT40000450,A Study of Axicabtagene ciloleucel (Yescarta) in Patients with Multiple Myeloma,COMPLETED,Phase 1,2012-04-17,2014-10-04,2014-05-07,23,ACTUAL,Multiple Myeloma,Axicabtagene ciloleucel (Yescarta),BIOLOGICAL,Kite Pharma / Gilead,INDUSTRY,United States,12,75,MALE,ADULT,Complete Response Rate (CRR),False,2012,False
NCT40000330,A Study of Investigational Dual-target CAR-T in Patients with Relapsed/Refractory B-cell Lymphoma,RECRUITING,Phase 2,2012-04-18,2013-04-13,2013-02-12,180,ESTIMATED,Relapsed/Refractory B-cell Lymphoma,Investigational Dual-target CAR-T,BIOLOGICAL,Chinese PLA General Hospital,OTHER,Germany,2,85,MALE,CHILD | ADULT | OLDER_ADULT,Safety and Tolerability,False,2012,True
NCT40000263,A Study of Investigational BCMA CAR-T in Patients with Acute Lymphoblastic Leukemia,RECRUITING,Phase 2,2012-04-19,2013-10-11,2013-07-13,130,ACTUAL,Acute Lymphoblastic Leukemia,Investigational BCMA CAR-T,BIOLOGICAL,Janssen / Johnson & Johnson,INDUSTRY,Japan,18,85,FEMALE,ADULT,Cytokine Release Syndrome Incidence,False,2012,False
NCT40000426,A Study of Idecabtagene vicleucel (Abecma) in Patients with Solid Tumor - Lung Cancer,ACTIVE_NOT_RECRUITING,Phase 1,2012-05-23,2013-12-14,2013-09-10,11,ACTUAL,Solid Tumor - Lung Cancer,Idecabtagene vicleucel (Abecma),BIOLOGICAL,Janssen / Johnson & Johnson,INDUSTRY,United States,2,99,MALE,CHILD | ADULT,Overall Response Rate (ORR),False,2012,True
NCT40000184,A Study of Investigational Mesothelin CAR-T in Patients with Relapsed/Refractory B-cell Lymphoma,WITHDRAWN,N/A,2012-06-13,2016-08-21,2015-12-10,20,ACTUAL,Relapsed/Refractory B-cell Lymphoma,Investigational Mesothelin CAR-T,BIOLOGICAL,Legend Biotech,INDUSTRY,United States,2,80,MALE,CHILD | ADULT,Overall Survival (OS),False,2012,True
NCT40000119,A Study of Idecabtagene vicleucel (Abecma) in Patients with Solid Tumor - Mesothelioma,COMPLETED,Phase 1,2012-06-27,2014-12-14,2014-07-17,49,ESTIMATED,Solid Tumor - Mesothelioma,Idecabtagene vicleucel (Abecma),BIOLOGICAL,Memorial Sloan Kettering,OTHER,China,2,99,ALL,CHILD | ADULT,Overall Response Rate (ORR),True,2012,True
NCT40000268,A Study of Ciltacabtagene autoleucel (Carvykti) in Patients with T-cell Lymphoma,NOT_YET_RECRUITING,Phase 2,2012-07-12,2014-09-30,2014-05-18,177,ACTUAL,T-cell Lymphoma,Ciltacabtagene autoleucel (Carvykti),BIOLOGICAL,Kite Pharma / Gilead,INDUSTRY,China,2,75,ALL,CHILD | ADULT | OLDER_ADULT,Duration of Response (DOR),False,2012,True
NCT40000201,A Study of Idecabtagene vicleucel (Abecma) in Patients with B-cell Non-Hodgkin Lymphoma,WITHDRAWN,Phase 1,2012-07-13,2013-09-06,2013-06-28,48,ACTUAL,B-cell Non-Hodgkin Lymphoma,Idecabtagene vicleucel (Abecma),BIOLOGICAL,Gracell Biotechnologies,INDUSTRY,United States,2,99,ALL,CHILD | ADULT,Overall Survival (OS),False,2012,True
NCT40000110,A Study of Investigational CD33 CAR-T in Patients with Relapsed/Refractory B-cell Lymphoma,TERMINATED,Phase 2,2012-07-26,2017-12-27,2017-01-31,217,ESTIMATED,Relapsed/Refractory B-cell Lymphoma,Investigational CD33 CAR-T,BIOLOGICAL,Legend Biotech,INDUSTRY,United States,2,80,FEMALE,CHILD | ADULT | OLDER_ADULT,Maximum Tolerated Dose (MTD),False,2012,True
NCT40000036,A Study of Investigational Dual-target CAR-T in Patients with Relapsed/Refractory B-cell Lymphoma,COMPLETED,Phase 2,2012-08-02,2018-03-04,2017-03-29,298,ACTUAL,Relapsed/Refractory B-cell Lymphoma,Investigational Dual-target CAR-T,BIOLOGICAL,Poseida Therapeutics,INDUSTRY,United States,2,85,MALE,CHILD | ADULT,Complete Response Rate (CRR),False,2012,True
NCT40000209,A Study of Investigational Mesothelin CAR-T in Patients with Acute Myeloid Leukemia,RECRUITING,Phase 1,2012-08-19,2017-06-24,2016-09-02,36,ESTIMATED,Acute Myeloid Leukemia,Investigational Mesothelin CAR-T,BIOLOGICAL,Legend Biotech,INDUSTRY,United States,18,80,ALL,ADULT | OLDER_ADULT,Overall Survival (OS),False,2012,False
NCT40000064,A Study of Allogeneic CAR-T (off-the-shelf) in Patients with B-cell Non-Hodgkin Lymphoma,WITHDRAWN,Phase 2,2012-09-15,2017-06-21,2016-09-04,99,ACTUAL,B-cell Non-Hodgkin Lymphoma,Allogeneic CAR-T (off-the-shelf),BIOLOGICAL,Legend Biotech,INDUSTRY,United States,2,85,ALL,CHILD | ADULT,Progression-Free Survival (PFS),False,2012,True
NCT40000291,A Study of Idecabtagene vicleucel (Abecma) in Patients with T-cell Lymphoma,SUSPENDED,Phase 1 | Phase 2,2012-09-30,2013-11-24,2013-09-15,79,ESTIMATED,T-cell Lymphoma,Idecabtagene vicleucel (Abecma),BIOLOGICAL,National Cancer Institute,NIH,China,18,80,ALL,ADULT,Cytokine Release Syndrome Incidence,False,2012,False
NCT40000345,A Study of Axicabtagene ciloleucel (Yescarta) in Patients with Solid Tumor - Neuroblastoma,COMPLETED,Phase 2,2012-10-09,2016-08-19,2015-12-28,114,ACTUAL,Solid Tumor - Neuroblastoma,Axicabtagene ciloleucel (Yescarta),BIOLOGICAL,Novartis,INDUSTRY,China,2,80,FEMALE,CHILD | ADULT | OLDER_ADULT,Overall Response Rate (ORR),True,2012,True
NCT40000098,A Study of Tisagenlecleucel (Kymriah) in Patients with Solid Tumor - Mesothelioma,RECRUITING,Phase 1,2012-10-09,2016-02-21,2015-07-31,29,ESTIMATED,Solid Tumor - Mesothelioma,Tisagenlecleucel (Kymriah),BIOLOGICAL,Poseida Therapeutics,INDUSTRY,United Kingdom,2,85,ALL,CHILD | ADULT,Duration of Response (DOR),False,2012,True
NCT40000316,A Study of Investigational GD2 CAR-T in Patients with B-cell Non-Hodgkin Lymphoma,WITHDRAWN,Phase 2,2012-10-30,2013-12-24,2013-10-15,158,ACTUAL,B-cell Non-Hodgkin Lymphoma,Investigational GD2 CAR-T,BIOLOGICAL,Bristol Myers Squibb,INDUSTRY,United States,18,99,ALL,ADULT | OLDER_ADULT,Progression-Free Survival (PFS),False,2012,False
NCT40000274,A Study of Brexucabtagene autoleucel (Tecartus) in Patients with Relapsed/Refractory B-cell Lymphoma,ACTIVE_NOT_RECRUITING,Phase 1,2012-11-05,2017-09-10,2016-11-19,23,ESTIMATED,Relapsed/Refractory B-cell Lymphoma,Brexucabtagene autoleucel (Tecartus),BIOLOGICAL,Memorial Sloan Kettering,OTHER,China,18,75,ALL,ADULT | OLDER_ADULT,Cytokine Release Syndrome Incidence,False,2012,False
NCT40000389,A Study of Idecabtagene vicleucel (Abecma) in Patients with Solid Tumor - Neuroblastoma,ACTIVE_NOT_RECRUITING,Phase 1,2012-11-16,2017-04-24,2016-07-28,47,ACTUAL,Solid Tumor - Neuroblastoma,Idecabtagene vicleucel (Abecma),BIOLOGICAL,MD Anderson Cancer Center,OTHER,China,2,80,FEMALE,CHILD | ADULT,Safety and Tolerability,False,2012,True
NCT40000341,A Study of Investigational Dual-target CAR-T in Patients with Solid Tumor - Neuroblastoma,COMPLETED,Phase 2,2012-11-22,2014-05-16,2014-02-15,148,ACTUAL,Solid Tumor - Neuroblastoma,Investigational Dual-target CAR-T,BIOLOGICAL,Janssen / Johnson & Johnson,INDUSTRY,United States,2,85,ALL,CHILD | ADULT,Complete Response Rate (CRR),True,2012,True
NCT40000284,A Study of Tisagenlecleucel (Kymriah) in Patients with Pediatric ALL,RECRUITING,Phase 1 | Phase 2,2012-12-06,2015-02-24,2014-10-12,57,ESTIMATED,Pediatric ALL,Tisagenlecleucel (Kymriah),BIOLOGICAL,MD Anderson Cancer Center,OTHER,Australia,2,85,ALL,CHILD | ADULT | OLDER_ADULT,Cytokine Release Syndrome Incidence,False,2012,True
NCT40000026,A Study of Investigational Dual-target CAR-T in Patients with Solid Tumor - Neuroblastoma,TERMINATED,N/A,2012-12-08,2017-05-16,2016-08-19,24,ESTIMATED,Solid Tumor - Neuroblastoma,Investigational Dual-target CAR-T,BIOLOGICAL,Gracell Biotechnologies,INDUSTRY,China,2,99,ALL,CHILD | ADULT,Complete Response Rate (CRR),False,2012,True
NCT40000367,A Study of Idecabtagene vicleucel (Abecma) in Patients with Follicular Lymphoma,RECRUITING,Phase 2,2012-12-22,2017-08-28,2016-11-16,216,ESTIMATED,Follicular Lymphoma,Idecabtagene vicleucel (Abecma),BIOLOGICAL,MD Anderson Cancer Center,OTHER,Australia,2,80,ALL,CHILD | ADULT,Complete Response Rate (CRR),False,2012,True
NCT40000366,A Study of Ciltacabtagene autoleucel (Carvykti) in Patients with Chronic Lymphocytic Leukemia,TERMINATED,Phase 1,2013-02-05,2016-03-21,2015-09-13,44,ESTIMATED,Chronic Lymphocytic Leukemia,Ciltacabtagene autoleucel (Carvykti),BIOLOGICAL,Gracell Biotechnologies,INDUSTRY,United States,2,85,ALL,CHILD | ADULT | OLDER_ADULT,Overall Survival (OS),False,2013,True
NCT40000401,A Study of Investigational GD2 CAR-T in Patients with B-cell Non-Hodgkin Lymphoma,COMPLETED,Phase 2,2013-02-12,2016-05-27,2015-11-09,92,ACTUAL,B-cell Non-Hodgkin Lymphoma,Investigational GD2 CAR-T,BIOLOGICAL,University of Toronto,OTHER,China,6,85,MALE,ADULT,Progression-Free Survival (PFS),False,2013,False
NCT40000001,A Study of Investigational Dual-target CAR-T in Patients with Acute Lymphoblastic Leukemia,NOT_YET_RECRUITING,Phase 1 | Phase 2,2013-02-17,2017-12-23,2017-03-03,33,ESTIMATED,Acute Lymphoblastic Leukemia,Investigational Dual-target CAR-T,BIOLOGICAL,Kite Pharma / Gilead,INDUSTRY,United States,6,75,ALL,ADULT | OLDER_ADULT,Overall Response Rate (ORR),False,2013,False
NCT40000190,A Study of Investigational CD22 CAR-T in Patients with Acute Myeloid Leukemia,RECRUITING,Phase 2,2013-02-25,2016-08-08,2016-01-11,132,ESTIMATED,Acute Myeloid Leukemia,Investigational CD22 CAR-T,BIOLOGICAL,Novartis,INDUSTRY,United States,18,75,FEMALE,ADULT,Cytokine Release Syndrome Incidence,False,2013,False
NCT40000168,A Study of Idecabtagene vicleucel (Abecma) in Patients with B-cell Non-Hodgkin Lymphoma,COMPLETED,Phase 1,2013-02-28,2014-08-22,2014-05-24,9,ESTIMATED,B-cell Non-Hodgkin Lymphoma,Idecabtagene vicleucel (Abecma),BIOLOGICAL,Novartis,INDUSTRY,United States,2,99,ALL,CHILD | ADULT | OLDER_ADULT,Overall Survival (OS),False,2013,True
NCT40000484,A Study of Investigational CD22 CAR-T in Patients with Relapsed/Refractory B-cell Lymphoma,RECRUITING,Phase 2,2013-03-03,2017-10-08,2017-01-01,228,ESTIMATED,Relapsed/Refractory B-cell Lymphoma,Investigational CD22 CAR-T,BIOLOGICAL,Peking University,OTHER,France,2,75,ALL,CHILD | ADULT | OLDER_ADULT,Overall Response Rate (ORR),False,2013,True
NCT40000239,A Study of Investigational BCMA CAR-T in Patients with Acute Lymphoblastic Leukemia,RECRUITING,Phase 1,2013-03-06,2015-12-21,2015-07-04,25,ACTUAL,Acute Lymphoblastic Leukemia,Investigational BCMA CAR-T,BIOLOGICAL,Legend Biotech,INDUSTRY,United States,18,99,FEMALE,ADULT,Maximum Tolerated Dose (MTD),False,2013,False
NCT40000116,A Study of Axicabtagene ciloleucel (Yescarta) in Patients with Multiple Myeloma,RECRUITING,Phase 2,2013-03-08,2018-01-11,2017-03-22,212,ACTUAL,Multiple Myeloma,Axicabtagene ciloleucel (Yescarta),BIOLOGICAL,Chinese PLA General Hospital,OTHER,United States,2,75,ALL,CHILD | ADULT | OLDER_ADULT,Overall Survival (OS),False,2013,True
NCT40000255,A Study of Lisocabtagene maraleucel (Breyanzi) in Patients with Solid Tumor - Neuroblastoma,ACTIVE_NOT_RECRUITING,Phase 3,2013-03-10,2017-02-17,2016-06-22,475,ESTIMATED,Solid Tumor - Neuroblastoma,Lisocabtagene maraleucel (Breyanzi),BIOLOGICAL,Gracell Biotechnologies,INDUSTRY,China,2,99,ALL,CHILD | ADULT | OLDER_ADULT,Maximum Tolerated Dose (MTD),False,2013,True
NCT40000385,A Study of Lisocabtagene maraleucel (Breyanzi) in Patients with Solid Tumor - Neuroblastoma,TERMINATED,Phase 1,2013-03-26,2015-10-12,2015-05-10,49,ACTUAL,Solid Tumor - Neuroblastoma,Lisocabtagene maraleucel (Breyanzi),BIOLOGICAL,Poseida Therapeutics,INDUSTRY,France,2,85,MALE,CHILD | ADULT,Progression-Free Survival (PFS),False,2013,True
NCT40000042,A Study of Investigational Mesothelin CAR-T in Patients with Solid Tumor - Mesothelioma,COMPLETED,Phase 1,2013-04-22,2014-05-17,2014-03-13,8,ESTIMATED,Solid Tumor - Mesothelioma,Investigational Mesothelin CAR-T,BIOLOGICAL,Janssen / Johnson & Johnson,INDUSTRY,United States,12,75,ALL,ADULT | OLDER_ADULT,Cytokine Release Syndrome Incidence,False,2013,False
NCT40000109,A Study of Allogeneic CAR-T (off-the-shelf) in Patients with B-cell Non-Hodgkin Lymphoma,ACTIVE_NOT_RECRUITING,Phase 1,2013-04-30,2014-08-23,2014-06-04,14,ESTIMATED,B-cell Non-Hodgkin Lymphoma,Allogeneic CAR-T (off-the-shelf),BIOLOGICAL,Novartis,INDUSTRY,Germany,2,85,ALL,CHILD | ADULT,Cytokine Release Syndrome Incidence,False,2013,True
NCT40000489,A Study of Investigational CD19 CAR-T in Patients with Solid Tumor - Lung Cancer,COMPLETED,Phase 2,2013-05-27,2016-02-11,2015-08-30,279,ACTUAL,Solid Tumor - Lung Cancer,Investigational CD19 CAR-T,BIOLOGICAL,Kite Pharma / Gilead,INDUSTRY,United States,2,80,MALE,CHILD | ADULT,Cytokine Release Syndrome Incidence,False,2013,True
NCT40000193,A Study of Brexucabtagene autoleucel (Tecartus) in Patients with Pediatric ALL,TERMINATED,Phase 2,2013-06-08,2016-10-20,2016-03-29,241,ESTIMATED,Pediatric ALL,Brexucabtagene autoleucel (Tecartus),BIOLOGICAL,Janssen / Johnson & Johnson,INDUSTRY,China,2,85,ALL,ADULT | OLDER_ADULT,Maximum Tolerated Dose (MTD),False,2013,True
NCT40000081,A Study of Tisagenlecleucel (Kymriah) in Patients with Follicular Lymphoma,ACTIVE_NOT_RECRUITING,Phase 1 | Phase 2,2013-06-15,2016-12-26,2016-05-25,57,ESTIMATED,Follicular Lymphoma,Tisagenlecleucel (Kymriah),BIOLOGICAL,Chinese PLA General Hospital,OTHER,United States,2,85,ALL,CHILD | ADULT | OLDER_ADULT,Maximum Tolerated Dose (MTD),False,2013,True
NCT40000235,A Study of Lisocabtagene maraleucel (Breyanzi) in Patients with T-cell Lymphoma,NOT_YET_RECRUITING,Phase 1,2013-06-16,2018-02-20,2017-05-11,33,ACTUAL,T-cell Lymphoma,Lisocabtagene maraleucel (Breyanzi),BIOLOGICAL,Legend Biotech,INDUSTRY,Australia,2,99,ALL,CHILD | ADULT,Maximum Tolerated Dose (MTD),False,2013,True
NCT40000441,A Study of Investigational CD22 CAR-T in Patients with Solid Tumor - Mesothelioma,ACTIVE_NOT_RECRUITING,Phase 1,2013-06-26,2014-11-18,2014-08-25,47,ESTIMATED,Solid Tumor - Mesothelioma,Investigational CD22 CAR-T,BIOLOGICAL,Novartis,INDUSTRY,France,2,99,ALL,CHILD | ADULT,Overall Survival (OS),False,2013,True
NCT40000457,A Study of Allogeneic CAR-T (off-the-shelf) in Patients with Pediatric ALL,RECRUITING,Phase 2,2013-07-15,2017-01-25,2016-06-24,73,ACTUAL,Pediatric ALL,Allogeneic CAR-T (off-the-shelf),BIOLOGICAL,Bristol Myers Squibb,INDUSTRY,United States,2,85,ALL,ADULT,Overall Response Rate (ORR),False,2013,True
NCT40000259,A Study of Axicabtagene ciloleucel (Yescarta) in Patients with Acute Lymphoblastic Leukemia,TERMINATED,Phase 1 | Phase 2,2013-07-18,2016-10-30,2016-04-13,78,ACTUAL,Acute Lymphoblastic Leukemia,Axicabtagene ciloleucel (Yescarta),BIOLOGICAL,University of Pennsylvania,OTHER,United States,18,99,FEMALE,ADULT,Progression-Free Survival (PFS),False,2013,False
NCT40000469,A Study of Investigational GD2 CAR-T in Patients with Multiple Myeloma,NOT_YET_RECRUITING,Phase 1,2013-07-19,2017-04-29,2016-09-11,44,ESTIMATED,Multiple Myeloma,Investigational GD2 CAR-T,BIOLOGICAL,Memorial Sloan Kettering,OTHER,Australia,2,99,FEMALE,CHILD | ADULT,Duration of Response (DOR),False,2013,True
NCT40000169,A Study of Investigational Mesothelin CAR-T in Patients with Multiple Myeloma,ACTIVE_NOT_RECRUITING,Phase 3,2013-07-29,2017-02-08,2016-07-08,727,ESTIMATED,Multiple Myeloma,Investigational Mesothelin CAR-T,BIOLOGICAL,Chinese PLA General Hospital,OTHER,United States,2,99,ALL,CHILD | ADULT,Safety and Tolerability,False,2013,True
NCT40000192,A Study of Allogeneic CAR-T (off-the-shelf) in Patients with Follicular Lymphoma,WITHDRAWN,Phase 2,2013-08-01,2016-08-15,2016-02-12,225,ACTUAL,Follicular Lymphoma,Allogeneic CAR-T (off-the-shelf),BIOLOGICAL,Kite Pharma / Gilead,INDUSTRY,United States,2,85,ALL,CHILD | ADULT | OLDER_ADULT,Safety and Tolerability,False,2013,True
NCT40000369,A Study of Investigational CD19 CAR-T in Patients with Multiple Myeloma,TERMINATED,Phase 1 | Phase 2,2013-08-11,2016-01-28,2015-08-31,52,ESTIMATED,Multiple Myeloma,Investigational CD19 CAR-T,BIOLOGICAL,Kite Pharma / Gilead,INDUSTRY,United States,18,75,ALL,ADULT | OLDER_ADULT,Overall Survival (OS),False,2013,False
NCT40000414,A Study of Allogeneic CAR-T (off-the-shelf) in Patients with Multiple Myeloma,RECRUITING,Phase 1,2013-08-18,2015-02-09,2014-11-11,19,ESTIMATED,Multiple Myeloma,Allogeneic CAR-T (off-the-shelf),BIOLOGICAL,Chinese PLA General Hospital,OTHER,China,6,99,ALL,ADULT | OLDER_ADULT,Overall Response Rate (ORR),False,2013,False
NCT40000162,A Study of Investigational Mesothelin CAR-T in Patients with Acute Lymphoblastic Leukemia,COMPLETED,Phase 2,2013-08-19,2016-04-05,2015-10-28,289,ESTIMATED,Acute Lymphoblastic Leukemia,Investigational Mesothelin CAR-T,BIOLOGICAL,Memorial Sloan Kettering,OTHER,United States,2,85,ALL,CHILD | ADULT,Complete Response Rate (CRR),True,2013,True
NCT40000438,A Study of Investigational Dual-target CAR-T in Patients with Pediatric ALL,COMPLETED,Phase 1,2013-08-20,2016-05-06,2015-11-23,20,ESTIMATED,Pediatric ALL,Investigational Dual-target CAR-T,BIOLOGICAL,MD Anderson Cancer Center,OTHER,United States,2,85,FEMALE,ADULT,Cytokine Release Syndrome Incidence,False,2013,True
NCT40000396,A Study of Investigational CD19 CAR-T in Patients with Acute Myeloid Leukemia,ACTIVE_NOT_RECRUITING,Phase 1,2013-09-20,2018-08-25,2017-10-29,38,ACTUAL,Acute Myeloid Leukemia,Investigational CD19 CAR-T,BIOLOGICAL,Memorial Sloan Kettering,OTHER,Germany,18,99,ALL,ADULT | OLDER_ADULT,Progression-Free Survival (PFS),False,2013,False
NCT40000499,A Study of Ciltacabtagene autoleucel (Carvykti) in Patients with B-cell Non-Hodgkin Lymphoma,COMPLETED,Phase 3,2013-09-25,2016-12-08,2016-05-27,501,ACTUAL,B-cell Non-Hodgkin Lymphoma,Ciltacabtagene autoleucel (Carvykti),BIOLOGICAL,Poseida Therapeutics,INDUSTRY,China,2,75,ALL,CHILD | ADULT,Maximum Tolerated Dose (MTD),True,2013,True
NCT40000439,A Study of Ciltacabtagene autoleucel (Carvykti) in Patients with B-cell Non-Hodgkin Lymphoma,ACTIVE_NOT_RECRUITING,Phase 2,2013-10-02,2015-08-23,2015-04-30,268,ACTUAL,B-cell Non-Hodgkin Lymphoma,Ciltacabtagene autoleucel (Carvykti),BIOLOGICAL,Peking University,OTHER,China,2,75,ALL,CHILD | ADULT | OLDER_ADULT,Overall Survival (OS),False,2013,True
NCT40000041,A Study of Investigational BCMA CAR-T in Patients with T-cell Lymphoma,ACTIVE_NOT_RECRUITING,Phase 3,2013-10-22,2018-03-30,2017-07-03,286,ESTIMATED,T-cell Lymphoma,Investigational BCMA CAR-T,BIOLOGICAL,Janssen / Johnson & Johnson,INDUSTRY,Japan,2,85,MALE,CHILD | ADULT | OLDER_ADULT,Complete Response Rate (CRR),False,2013,True
NCT40000351,A Study of Investigational Mesothelin CAR-T in Patients with Solid Tumor - Mesothelioma,COMPLETED,Phase 1 | Phase 2,2013-10-28,2016-07-14,2016-01-31,65,ACTUAL,Solid Tumor - Mesothelioma,Investigational Mesothelin CAR-T,BIOLOGICAL,University of Toronto,OTHER,United States,6,85,ALL,ADULT,Duration of Response (DOR),True,2013,False
NCT40000220,A Study of Investigational CD19 CAR-T in Patients with Relapsed/Refractory B-cell Lymphoma,COMPLETED,Phase 2,2013-11-04,2015-03-29,2015-01-03,177,ACTUAL,Relapsed/Refractory B-cell Lymphoma,Investigational CD19 CAR-T,BIOLOGICAL,National Cancer Institute,NIH,Canada,18,75,ALL,ADULT,Overall Survival (OS),True,2013,False
NCT40000130,A Study of Tisagenlecleucel (Kymriah) in Patients with Solid Tumor - Mesothelioma,COMPLETED,Phase 2,2013-11-14,2015-01-08,2014-10-30,113,ESTIMATED,Solid Tumor - Mesothelioma,Tisagenlecleucel (Kymriah),BIOLOGICAL,University of Toronto,OTHER,China,12,80,ALL,ADULT,Duration of Response (DOR),True,2013,False
NCT40000474,A Study of Investigational CD33 CAR-T in Patients with Follicular Lymphoma,WITHDRAWN,Phase 1,2013-11-17,2017-05-30,2016-10-27,50,ESTIMATED,Follicular Lymphoma,Investigational CD33 CAR-T,BIOLOGICAL,Fred Hutchinson Cancer Center,OTHER,China,2,75,ALL,CHILD | ADULT,Overall Response Rate (ORR),False,2013,True
NCT40000158,A Study of Investigational CD22 CAR-T in Patients with Relapsed/Refractory B-cell Lymphoma,ACTIVE_NOT_RECRUITING,Phase 2,2013-11-27,2018-12-31,2018-02-24,142,ACTUAL,Relapsed/Refractory B-cell Lymphoma,Investigational CD22 CAR-T,BIOLOGICAL,Legend Biotech,INDUSTRY,Canada,6,80,ALL,ADULT | OLDER_ADULT,Overall Survival (OS),False,2013,False
NCT40000241,A Study of Investigational Dual-target CAR-T in Patients with Acute Lymphoblastic Leukemia,ACTIVE_NOT_RECRUITING,Phase 2,2013-11-30,2017-10-10,2017-02-17,90,ESTIMATED,Acute Lymphoblastic Leukemia,Investigational Dual-target CAR-T,BIOLOGICAL,University of Pennsylvania,OTHER,United Kingdom,18,99,ALL,ADULT | OLDER_ADULT,Overall Survival (OS),False,2013,False
NCT40000273,A Study of Investigational CD19 CAR-T in Patients with Acute Lymphoblastic Leukemia,RECRUITING,Phase 2,2013-12-09,2015-07-02,2015-03-29,53,ACTUAL,Acute Lymphoblastic Leukemia,Investigational CD19 CAR-T,BIOLOGICAL,National Cancer Institute,NIH,United States,18,75,MALE,ADULT,Maximum Tolerated Dose (MTD),False,2013,False
NCT40000433,A Study of Lisocabtagene maraleucel (Breyanzi) in Patients with Solid Tumor - Mesothelioma,RECRUITING,Phase 1 | Phase 2,2013-12-17,2017-01-30,2016-07-24,83,ESTIMATED,Solid Tumor - Mesothelioma,Lisocabtagene maraleucel (Breyanzi),BIOLOGICAL,Fred Hutchinson Cancer Center,OTHER,United States,2,80,ALL,CHILD | ADULT | OLDER_ADULT,Maximum Tolerated Dose (MTD),False,2013,True
NCT40000496,A Study of Idecabtagene vicleucel (Abecma) in Patients with Solid Tumor - Neuroblastoma,ACTIVE_NOT_RECRUITING,Phase 2,2013-12-21,2019-10-21,2018-10-31,294,ESTIMATED,Solid Tumor - Neuroblastoma,Idecabtagene vicleucel (Abecma),BIOLOGICAL,University of Pennsylvania,OTHER,United States,12,99,ALL,ADULT | OLDER_ADULT,Maximum Tolerated Dose (MTD),False,2013,False
NCT40000300,A Study of Investigational CD33 CAR-T in Patients with Follicular Lymphoma,COMPLETED,Phase 1,2013-12-24,2019-09-24,2018-10-09,26,ACTUAL,Follicular Lymphoma,Investigational CD33 CAR-T,BIOLOGICAL,Peking University,OTHER,Canada,2,80,ALL,CHILD | ADULT,Complete Response Rate (CRR),False,2013,True
NCT40000424,A Study of Ciltacabtagene autoleucel (Carvykti) in Patients with Acute Lymphoblastic Leukemia,SUSPENDED,Phase 1,2014-01-02,2017-06-15,2016-11-17,26,ESTIMATED,Acute Lymphoblastic Leukemia,Ciltacabtagene autoleucel (Carvykti),BIOLOGICAL,Poseida Therapeutics,INDUSTRY,United Kingdom,18,80,ALL,ADULT,Progression-Free Survival (PFS),False,2014,False
NCT40000033,A Study of Idecabtagene vicleucel (Abecma) in Patients with Solid Tumor - Lung Cancer,RECRUITING,Phase 1,2014-01-09,2018-11-14,2018-01-23,27,ACTUAL,Solid Tumor - Lung Cancer,Idecabtagene vicleucel (Abecma),BIOLOGICAL,Bristol Myers Squibb,INDUSTRY,United States,2,99,ALL,CHILD | ADULT | OLDER_ADULT,Safety and Tolerability,False,2014,True
NCT40000387,A Study of Idecabtagene vicleucel (Abecma) in Patients with Chronic Lymphocytic Leukemia,RECRUITING,Phase 1,2014-02-16,2016-04-06,2015-11-28,45,ACTUAL,Chronic Lymphocytic Leukemia,Idecabtagene vicleucel (Abecma),BIOLOGICAL,University of Toronto,OTHER,United States,18,80,MALE,ADULT | OLDER_ADULT,Progression-Free Survival (PFS),False,2014,False
NCT40000493,A Study of Investigational BCMA CAR-T in Patients with Solid Tumor - Neuroblastoma,RECRUITING,Phase 2,2014-03-20,2015-09-11,2015-06-13,83,ESTIMATED,Solid Tumor - Neuroblastoma,Investigational BCMA CAR-T,BIOLOGICAL,University of Toronto,OTHER,Israel,18,75,ALL,ADULT | OLDER_ADULT,Overall Survival (OS),False,2014,False
NCT40000129,A Study of Investigational BCMA CAR-T in Patients with Pediatric ALL,ACTIVE_NOT_RECRUITING,Phase 3,2014-03-23,2016-11-07,2016-05-31,687,ACTUAL,Pediatric ALL,Investigational BCMA CAR-T,BIOLOGICAL,Memorial Sloan Kettering,OTHER,Germany,2,80,ALL,CHILD | ADULT | OLDER_ADULT,Maximum Tolerated Dose (MTD),False,2014,True
NCT40000023,A Study of Ciltacabtagene autoleucel (Carvykti) in Patients with Chronic Lymphocytic Leukemia,ACTIVE_NOT_RECRUITING,Phase 1,2014-04-05,2016-09-21,2016-04-24,19,ACTUAL,Chronic Lymphocytic Leukemia,Ciltacabtagene autoleucel (Carvykti),BIOLOGICAL,Fred Hutchinson Cancer Center,OTHER,United States,2,75,MALE,CHILD | ADULT | OLDER_ADULT,Duration of Response (DOR),False,2014,True
NCT40000020,A Study of Allogeneic CAR-T (off-the-shelf) in Patients with Acute Myeloid Leukemia,RECRUITING,Phase 2,2014-04-08,2018-01-17,2017-06-01,164,ACTUAL,Acute Myeloid Leukemia,Allogeneic CAR-T (off-the-shelf),BIOLOGICAL,Peking University,OTHER,United States,18,99,ALL,ADULT | OLDER_ADULT,Safety and Tolerability,False,2014,False
NCT40000082,A Study of Investigational BCMA CAR-T in Patients with Follicular Lymphoma,RECRUITING,Phase 2,2014-04-11,2020-01-10,2019-01-25,203,ACTUAL,Follicular Lymphoma,Investigational BCMA CAR-T,BIOLOGICAL,National Cancer Institute,NIH,China,6,80,MALE,ADULT | OLDER_ADULT,Safety and Tolerability,False,2014,False
NCT40000324,A Study of Lisocabtagene maraleucel (Breyanzi) in Patients with Solid Tumor - Mesothelioma,ACTIVE_NOT_RECRUITING,Phase 2,2014-04-29,2019-11-29,2018-12-24,263,ACTUAL,Solid Tumor - Mesothelioma,Lisocabtagene maraleucel (Breyanzi),BIOLOGICAL,Chinese PLA General Hospital,OTHER,United States,18,75,MALE,ADULT,Overall Response Rate (ORR),False,2014,False
NCT40000035,A Study of Investigational Mesothelin CAR-T in Patients with Solid Tumor - Mesothelioma,SUSPENDED,Phase 1,2014-05-02,2017-05-16,2016-11-12,27,ESTIMATED,Solid Tumor - Mesothelioma,Investigational Mesothelin CAR-T,BIOLOGICAL,Chinese PLA General Hospital,OTHER,United States,18,75,ALL,ADULT | OLDER_ADULT,Duration of Response (DOR),False,2014,False
NCT40000495,A Study of Investigational Mesothelin CAR-T in Patients with Chronic Lymphocytic Leukemia,TERMINATED,Phase 1,2014-05-03,2016-06-21,2016-02-12,8,ESTIMATED,Chronic Lymphocytic Leukemia,Investigational Mesothelin CAR-T,BIOLOGICAL,National Cancer Institute,NIH,United States,12,75,FEMALE,ADULT | OLDER_ADULT,Cytokine Release Syndrome Incidence,False,2014,False
NCT40000336,A Study of Investigational BCMA CAR-T in Patients with Diffuse Large B-Cell Lymphoma,WITHDRAWN,Phase 1,2014-05-13,2017-12-23,2017-05-17,13,ESTIMATED,Diffuse Large B-Cell Lymphoma,Investigational BCMA CAR-T,BIOLOGICAL,Chinese PLA General Hospital,OTHER,China,12,85,MALE,ADULT,Overall Response Rate (ORR),False,2014,False
NCT40000393,A Study of Investigational Dual-target CAR-T in Patients with Pediatric ALL,WITHDRAWN,Phase 1,2014-05-29,2016-09-15,2016-04-28,46,ACTUAL,Pediatric ALL,Investigational Dual-target CAR-T,BIOLOGICAL,Novartis,INDUSTRY,United Kingdom,2,75,ALL,ADULT | OLDER_ADULT,Overall Response Rate (ORR),False,2014,True
NCT40000056,A Study of Investigational CD33 CAR-T in Patients with Diffuse Large B-Cell Lymphoma,COMPLETED,Phase 1,2014-06-13,2015-10-06,2015-07-18,43,ACTUAL,Diffuse Large B-Cell Lymphoma,Investigational CD33 CAR-T,BIOLOGICAL,University of Toronto,OTHER,China,2,80,ALL,CHILD | ADULT | OLDER_ADULT,Safety and Tolerability,True,2014,True
NCT40000002,A Study of Axicabtagene ciloleucel (Yescarta) in Patients with Acute Lymphoblastic Leukemia,ACTIVE_NOT_RECRUITING,Phase 2,2014-06-17,2019-02-21,2018-05-12,216,ACTUAL,Acute Lymphoblastic Leukemia,Axicabtagene ciloleucel (Yescarta),BIOLOGICAL,Janssen / Johnson & Johnson,INDUSTRY,United Kingdom,6,99,ALL,ADULT,Maximum Tolerated Dose (MTD),False,2014,False
NCT40000487,A Study of Brexucabtagene autoleucel (Tecartus) in Patients with B-cell Non-Hodgkin Lymphoma,COMPLETED,Phase 2,2014-06-18,2018-01-28,2017-06-22,297,ACTUAL,B-cell Non-Hodgkin Lymphoma,Brexucabtagene autoleucel (Tecartus),BIOLOGICAL,Chinese PLA General Hospital,OTHER,United States,18,75,MALE,ADULT,Safety and Tolerability,True,2014,False
NCT40000425,A Study of Allogeneic CAR-T (off-the-shelf) in Patients with T-cell Lymphoma,ACTIVE_NOT_RECRUITING,Phase 1 | Phase 2,2014-06-24,2016-09-11,2016-04-29,50,ACTUAL,T-cell Lymphoma,Allogeneic CAR-T (off-the-shelf),BIOLOGICAL,University of Toronto,OTHER,Japan,2,85,ALL,CHILD | ADULT | OLDER_ADULT,Overall Survival (OS),False,2014,True
NCT40000138,A Study of Investigational GD2 CAR-T in Patients with Mantle Cell Lymphoma,RECRUITING,Phase 1 | Phase 2,2014-06-24,2019-08-27,2018-10-16,97,ESTIMATED,Mantle Cell Lymphoma,Investigational GD2 CAR-T,BIOLOGICAL,Peking University,OTHER,United States,2,80,FEMALE,CHILD | ADULT | OLDER_ADULT,Overall Response Rate (ORR),False,2014,True
NCT40000411,A Study of Investigational CD33 CAR-T in Patients with Relapsed/Refractory B-cell Lymphoma,COMPLETED,Phase 2,2014-08-10,2019-03-17,2018-06-10,255,ACTUAL,Relapsed/Refractory B-cell Lymphoma,Investigational CD33 CAR-T,BIOLOGICAL,Novartis,INDUSTRY,China,18,75,MALE,ADULT,Cytokine Release Syndrome Incidence,False,2014,False
NCT40000234,A Study of Investigational Dual-target CAR-T in Patients with Solid Tumor - Mesothelioma,WITHDRAWN,Phase 1,2014-09-14,2017-12-27,2017-06-10,24,ESTIMATED,Solid Tumor - Mesothelioma,Investigational Dual-target CAR-T,BIOLOGICAL,Memorial Sloan Kettering,OTHER,Canada,2,75,ALL,CHILD | ADULT | OLDER_ADULT,Maximum Tolerated Dose (MTD),False,2014,True
NCT40000040,A Study of Investigational CD19 CAR-T in Patients with Relapsed/Refractory B-cell Lymphoma,COMPLETED,Phase 1 | Phase 2,2014-09-18,2017-12-01,2017-05-20,94,ESTIMATED,Relapsed/Refractory B-cell Lymphoma,Investigational CD19 CAR-T,BIOLOGICAL,Chinese PLA General Hospital,OTHER,United States,2,85,ALL,CHILD | ADULT,Maximum Tolerated Dose (MTD),True,2014,True
NCT40000134,A Study of Investigational CD22 CAR-T in Patients with Acute Myeloid Leukemia,ACTIVE_NOT_RECRUITING,Phase 2,2014-10-21,2017-07-07,2017-01-23,292,ACTUAL,Acute Myeloid Leukemia,Investigational CD22 CAR-T,BIOLOGICAL,Kite Pharma / Gilead,INDUSTRY,United States,2,99,ALL,CHILD | ADULT,Overall Survival (OS),False,2014,True
NCT40000292,A Study of Investigational BCMA CAR-T in Patients with Diffuse Large B-Cell Lymphoma,RECRUITING,Phase 1 | Phase 2,2014-10-25,2020-07-25,2019-08-10,43,ESTIMATED,Diffuse Large B-Cell Lymphoma,Investigational BCMA CAR-T,BIOLOGICAL,Poseida Therapeutics,INDUSTRY,China,18,85,FEMALE,ADULT | OLDER_ADULT,Progression-Free Survival (PFS),False,2014,False
NCT40000170,A Study of Investigational BCMA CAR-T in Patients with Diffuse Large B-Cell Lymphoma,COMPLETED,Phase 1 | Phase 2,2014-10-29,2018-11-07,2018-03-07,65,ESTIMATED,Diffuse Large B-Cell Lymphoma,Investigational BCMA CAR-T,BIOLOGICAL,Novartis,INDUSTRY,United States,2,85,FEMALE,CHILD | ADULT | OLDER_ADULT,Maximum Tolerated Dose (MTD),False,2014,True
NCT40000050,A Study of Investigational Mesothelin CAR-T in Patients with Solid Tumor - Lung Cancer,COMPLETED,Phase 1,2014-12-03,2017-04-21,2016-11-27,33,ESTIMATED,Solid Tumor - Lung Cancer,Investigational Mesothelin CAR-T,BIOLOGICAL,Poseida Therapeutics,INDUSTRY,China,12,85,MALE,ADULT | OLDER_ADULT,Progression-Free Survival (PFS),True,2014,False
NCT40000405,A Study of Idecabtagene vicleucel (Abecma) in Patients with B-cell Non-Hodgkin Lymphoma,COMPLETED,Phase 1 | Phase 2,2014-12-03,2020-04-05,2019-05-16,72,ESTIMATED,B-cell Non-Hodgkin Lymphoma,Idecabtagene vicleucel (Abecma),BIOLOGICAL,MD Anderson Cancer Center,OTHER,United States,2,80,FEMALE,CHILD | ADULT | OLDER_ADULT,Progression-Free Survival (PFS),True,2014,True
NCT40000297,A Study of Idecabtagene vicleucel (Abecma) in Patients with T-cell Lymphoma,RECRUITING,Phase 1,2014-12-03,2018-11-12,2018-03-17,30,ACTUAL,T-cell Lymphoma,Idecabtagene vicleucel (Abecma),BIOLOGICAL,Janssen / Johnson & Johnson,INDUSTRY,South Korea,18,80,ALL,ADULT,Overall Survival (OS),False,2014,False
NCT40000472,A Study of Investigational CD22 CAR-T in Patients with Multiple Myeloma,TERMINATED,Phase 2,2014-12-23,2017-01-11,2016-09-08,269,ESTIMATED,Multiple Myeloma,Investigational CD22 CAR-T,BIOLOGICAL,University of Toronto,OTHER,United States,18,75,ALL,ADULT,Progression-Free Survival (PFS),False,2014,False
NCT40000333,A Study of Investigational CD19 CAR-T in Patients with Chronic Lymphocytic Leukemia,COMPLETED,Phase 1,2014-12-27,2019-07-04,2018-10-02,40,ESTIMATED,Chronic Lymphocytic Leukemia,Investigational CD19 CAR-T,BIOLOGICAL,Poseida Therapeutics,INDUSTRY,China,12,85,ALL,ADULT | OLDER_ADULT,Progression-Free Survival (PFS),True,2014,False
NCT40000400,A Study of Investigational CD33 CAR-T in Patients with T-cell Lymphoma,NOT_YET_RECRUITING,Phase 2,2014-12-31,2018-09-11,2018-01-29,153,ESTIMATED,T-cell Lymphoma,Investigational CD33 CAR-T,BIOLOGICAL,University of Toronto,OTHER,China,2,85,ALL,CHILD | ADULT,Maximum Tolerated Dose (MTD),False,2014,True
NCT40000141,A Study of Investigational CD22 CAR-T in Patients with Acute Myeloid Leukemia,RECRUITING,Phase 3,2015-01-14,2016-02-08,2015-12-05,526,ACTUAL,Acute Myeloid Leukemia,Investigational CD22 CAR-T,BIOLOGICAL,Janssen / Johnson & Johnson,INDUSTRY,China,18,85,FEMALE,ADULT,Progression-Free Survival (PFS),False,2015,False
NCT40000307,A Study of Brexucabtagene autoleucel (Tecartus) in Patients with Relapsed/Refractory B-cell Lymphoma,COMPLETED,Phase 2,2015-01-22,2016-11-12,2016-07-25,165,ESTIMATED,Relapsed/Refractory B-cell Lymphoma,Brexucabtagene autoleucel (Tecartus),BIOLOGICAL,Poseida Therapeutics,INDUSTRY,Germany,2,75,ALL,CHILD | ADULT | OLDER_ADULT,Overall Response Rate (ORR),False,2015,True
NCT40000075,A Study of Allogeneic CAR-T (off-the-shelf) in Patients with Acute Myeloid Leukemia,COMPLETED,Phase 1,2015-02-19,2019-08-27,2018-11-25,42,ACTUAL,Acute Myeloid Leukemia,Allogeneic CAR-T (off-the-shelf),BIOLOGICAL,MD Anderson Cancer Center,OTHER,United States,18,85,ALL,ADULT,Progression-Free Survival (PFS),True,2015,False
NCT40000094,A Study of Investigational CD33 CAR-T in Patients with Solid Tumor - Lung Cancer,RECRUITING,Phase 2,2015-03-01,2019-04-09,2018-08-02,255,ACTUAL,Solid Tumor - Lung Cancer,Investigational CD33 CAR-T,BIOLOGICAL,University of Pennsylvania,OTHER,United States,2,85,ALL,CHILD | ADULT | OLDER_ADULT,Overall Survival (OS),False,2015,True
NCT40000402,A Study of Lisocabtagene maraleucel (Breyanzi) in Patients with Multiple Myeloma,ACTIVE_NOT_RECRUITING,Phase 2,2015-03-02,2018-04-15,2017-10-07,257,ESTIMATED,Multiple Myeloma,Lisocabtagene maraleucel (Breyanzi),BIOLOGICAL,Gracell Biotechnologies,INDUSTRY,Australia,18,75,MALE,ADULT,Maximum Tolerated Dose (MTD),False,2015,False
NCT40000467,A Study of Investigational Mesothelin CAR-T in Patients with Mantle Cell Lymphoma,RECRUITING,N/A,2015-03-08,2018-12-17,2018-05-01,29,ACTUAL,Mantle Cell Lymphoma,Investigational Mesothelin CAR-T,BIOLOGICAL,Novartis,INDUSTRY,United States,18,80,ALL,ADULT,Progression-Free Survival (PFS),False,2015,False
NCT40000215,A Study of Investigational Mesothelin CAR-T in Patients with T-cell Lymphoma,COMPLETED,Phase 1 | Phase 2,2015-03-11,2016-07-03,2016-04-14,39,ESTIMATED,T-cell Lymphoma,Investigational Mesothelin CAR-T,BIOLOGICAL,Kite Pharma / Gilead,INDUSTRY,United States,2,99,ALL,CHILD | ADULT | OLDER_ADULT,Overall Response Rate (ORR),False,2015,True
NCT40000315,A Study of Investigational Mesothelin CAR-T in Patients with Relapsed/Refractory B-cell Lymphoma,COMPLETED,Phase 1,2015-04-15,2018-09-26,2018-02-28,25,ACTUAL,Relapsed/Refractory B-cell Lymphoma,Investigational Mesothelin CAR-T,BIOLOGICAL,Poseida Therapeutics,INDUSTRY,Germany,2,75,MALE,CHILD | ADULT | OLDER_ADULT,Complete Response Rate (CRR),False,2015,True
NCT40000106,A Study of Investigational Dual-target CAR-T in Patients with Solid Tumor - Lung Cancer,ACTIVE_NOT_RECRUITING,Phase 1 | Phase 2,2015-05-04,2019-05-13,2018-09-10,61,ESTIMATED,Solid Tumor - Lung Cancer,Investigational Dual-target CAR-T,BIOLOGICAL,Kite Pharma / Gilead,INDUSTRY,China,18,80,ALL,ADULT,Overall Response Rate (ORR),False,2015,False
NCT40000137,A Study of Investigational GD2 CAR-T in Patients with Solid Tumor - Neuroblastoma,NOT_YET_RECRUITING,Phase 3,2015-05-14,2017-11-29,2017-06-27,680,ESTIMATED,Solid Tumor - Neuroblastoma,Investigational GD2 CAR-T,BIOLOGICAL,Peking University,OTHER,United Kingdom,18,85,FEMALE,ADULT | OLDER_ADULT,Maximum Tolerated Dose (MTD),False,2015,False
NCT40000104,A Study of Investigational Dual-target CAR-T in Patients with T-cell Lymphoma,ACTIVE_NOT_RECRUITING,Phase 1,2015-06-19,2017-02-08,2016-10-31,42,ACTUAL,T-cell Lymphoma,Investigational Dual-target CAR-T,BIOLOGICAL,MD Anderson Cancer Center,OTHER,China,18,75,ALL,ADULT,Overall Survival (OS),False,2015,False
NCT40000403,A Study of Investigational BCMA CAR-T in Patients with Follicular Lymphoma,ACTIVE_NOT_RECRUITING,Phase 1 | Phase 2,2015-06-20,2016-08-13,2016-06-04,36,ACTUAL,Follicular Lymphoma,Investigational BCMA CAR-T,BIOLOGICAL,MD Anderson Cancer Center,OTHER,United States,2,80,ALL,CHILD | ADULT | OLDER_ADULT,Overall Response Rate (ORR),False,2015,True
NCT40000043,A Study of Investigational Dual-target CAR-T in Patients with Pediatric ALL,RECRUITING,Phase 1,2015-06-22,2017-03-13,2016-11-28,47,ACTUAL,Pediatric ALL,Investigational Dual-target CAR-T,BIOLOGICAL,Janssen / Johnson & Johnson,INDUSTRY,China,2,75,FEMALE,CHILD | ADULT | OLDER_ADULT,Cytokine Release Syndrome Incidence,False,2015,True
NCT40000007,A Study of Allogeneic CAR-T (off-the-shelf) in Patients with T-cell Lymphoma,COMPLETED,Phase 2,2015-06-29,2017-04-19,2016-12-30,168,ESTIMATED,T-cell Lymphoma,Allogeneic CAR-T (off-the-shelf),BIOLOGICAL,University of Pennsylvania,OTHER,United Kingdom,6,80,ALL,ADULT | OLDER_ADULT,Overall Response Rate (ORR),False,2015,False
NCT40000391,A Study of Investigational GD2 CAR-T in Patients with Acute Myeloid Leukemia,RECRUITING,Phase 2,2015-07-10,2020-08-12,2019-10-07,106,ESTIMATED,Acute Myeloid Leukemia,Investigational GD2 CAR-T,BIOLOGICAL,Poseida Therapeutics,INDUSTRY,China,12,85,ALL,ADULT,Progression-Free Survival (PFS),False,2015,False
NCT40000009,A Study of Investigational CD19 CAR-T in Patients with T-cell Lymphoma,RECRUITING,Phase 1,2015-07-14,2020-05-18,2019-07-28,41,ESTIMATED,T-cell Lymphoma,Investigational CD19 CAR-T,BIOLOGICAL,National Cancer Institute,NIH,United States,2,85,ALL,CHILD | ADULT,Cytokine Release Syndrome Incidence,False,2015,True
NCT40000046,A Study of Allogeneic CAR-T (off-the-shelf) in Patients with Solid Tumor - Lung Cancer,ACTIVE_NOT_RECRUITING,Phase 1,2015-07-19,2020-11-19,2019-12-30,46,ESTIMATED,Solid Tumor - Lung Cancer,Allogeneic CAR-T (off-the-shelf),BIOLOGICAL,National Cancer Institute,NIH,South Korea,2,85,FEMALE,CHILD | ADULT,Overall Survival (OS),False,2015,True
NCT40000016,A Study of Investigational Dual-target CAR-T in Patients with T-cell Lymphoma,COMPLETED,Phase 2,2015-07-24,2017-09-11,2017-05-04,66,ACTUAL,T-cell Lymphoma,Investigational Dual-target CAR-T,BIOLOGICAL,Gracell Biotechnologies,INDUSTRY,United States,2,80,FEMALE,CHILD | ADULT | OLDER_ADULT,Overall Response Rate (ORR),False,2015,True
NCT40000453,A Study of Investigational Mesothelin CAR-T in Patients with Chronic Lymphocytic Leukemia,WITHDRAWN,Phase 1 | Phase 2,2015-08-02,2018-07-17,2018-01-18,76,ACTUAL,Chronic Lymphocytic Leukemia,Investigational Mesothelin CAR-T,BIOLOGICAL,Chinese PLA General Hospital,OTHER,Israel,18,75,ALL,ADULT,Maximum Tolerated Dose (MTD),False,2015,False
NCT40000032,A Study of Axicabtagene ciloleucel (Yescarta) in Patients with Mantle Cell Lymphoma,RECRUITING,Phase 2,2015-08-07,2020-01-13,2019-04-18,76,ESTIMATED,Mantle Cell Lymphoma,Axicabtagene ciloleucel (Yescarta),BIOLOGICAL,Gracell Biotechnologies,INDUSTRY,United States,2,85,ALL,CHILD | ADULT,Progression-Free Survival (PFS),False,2015,True
NCT40000447,A Study of Idecabtagene vicleucel (Abecma) in Patients with Chronic Lymphocytic Leukemia,RECRUITING,Phase 2,2015-08-10,2017-05-31,2017-02-10,233,ESTIMATED,Chronic Lymphocytic Leukemia,Idecabtagene vicleucel (Abecma),BIOLOGICAL,University of Toronto,OTHER,China,2,99,MALE,CHILD | ADULT | OLDER_ADULT,Overall Survival (OS),False,2015,True
NCT40000011,A Study of Investigational CD33 CAR-T in Patients with Acute Lymphoblastic Leukemia,COMPLETED,Phase 2,2015-08-22,2019-07-02,2018-11-09,270,ESTIMATED,Acute Lymphoblastic Leukemia,Investigational CD33 CAR-T,BIOLOGICAL,Poseida Therapeutics,INDUSTRY,United Kingdom,2,75,FEMALE,CHILD | ADULT | OLDER_ADULT,Duration of Response (DOR),True,2015,True
NCT40000197,A Study of Investigational CD22 CAR-T in Patients with B-cell Non-Hodgkin Lymphoma,TERMINATED,Phase 1 | Phase 2,2015-09-16,2020-12-18,2020-02-02,20,ACTUAL,B-cell Non-Hodgkin Lymphoma,Investigational CD22 CAR-T,BIOLOGICAL,University of Pennsylvania,OTHER,China,18,75,ALL,ADULT,Cytokine Release Syndrome Incidence,False,2015,False
NCT40000344,A Study of Tisagenlecleucel (Kymriah) in Patients with Acute Myeloid Leukemia,COMPLETED,Phase 2,2015-09-27,2020-09-30,2019-11-30,186,ACTUAL,Acute Myeloid Leukemia,Tisagenlecleucel (Kymriah),BIOLOGICAL,Fred Hutchinson Cancer Center,OTHER,France,2,75,ALL,CHILD | ADULT | OLDER_ADULT,Overall Response Rate (ORR),True,2015,True
NCT40000430,A Study of Investigational CD19 CAR-T in Patients with Pediatric ALL,COMPLETED,Phase 2,2015-10-29,2017-09-18,2017-05-26,190,ESTIMATED,Pediatric ALL,Investigational CD19 CAR-T,BIOLOGICAL,Novartis,INDUSTRY,Germany,2,85,ALL,CHILD | ADULT,Duration of Response (DOR),False,2015,True
NCT40000156,A Study of Investigational BCMA CAR-T in Patients with Relapsed/Refractory B-cell Lymphoma,COMPLETED,Phase 1 | Phase 2,2015-11-03,2020-07-09,2019-09-28,77,ESTIMATED,Relapsed/Refractory B-cell Lymphoma,Investigational BCMA CAR-T,BIOLOGICAL,Poseida Therapeutics,INDUSTRY,United States,6,85,MALE,ADULT,Overall Survival (OS),False,2015,False
NCT40000212,A Study of Axicabtagene ciloleucel (Yescarta) in Patients with Pediatric ALL,RECRUITING,Phase 1,2015-11-07,2019-09-17,2019-01-25,43,ESTIMATED,Pediatric ALL,Axicabtagene ciloleucel (Yescarta),BIOLOGICAL,Chinese PLA General Hospital,OTHER,United States,2,99,ALL,ADULT | OLDER_ADULT,Progression-Free Survival (PFS),False,2015,True
NCT40000012,A Study of Tisagenlecleucel (Kymriah) in Patients with Mantle Cell Lymphoma,RECRUITING,Phase 1,2015-11-28,2019-07-10,2018-12-02,17,ESTIMATED,Mantle Cell Lymphoma,Tisagenlecleucel (Kymriah),BIOLOGICAL,Poseida Therapeutics,INDUSTRY,United States,2,75,ALL,CHILD | ADULT | OLDER_ADULT,Overall Survival (OS),False,2015,True
NCT40000319,A Study of Investigational GD2 CAR-T in Patients with Mantle Cell Lymphoma,COMPLETED,Phase 1 | Phase 2,2015-12-04,2018-11-18,2018-05-22,82,ACTUAL,Mantle Cell Lymphoma,Investigational GD2 CAR-T,BIOLOGICAL,Chinese PLA General Hospital,OTHER,China,2,99,MALE,CHILD | ADULT,Progression-Free Survival (PFS),True,2015,True
NCT40000171,A Study of Ciltacabtagene autoleucel (Carvykti) in Patients with Relapsed/Refractory B-cell Lymphoma,RECRUITING,Phase 1 | Phase 2,2015-12-07,2020-09-11,2019-11-26,66,ESTIMATED,Relapsed/Refractory B-cell Lymphoma,Ciltacabtagene autoleucel (Carvykti),BIOLOGICAL,Kite Pharma / Gilead,INDUSTRY,United States,2,99,ALL,CHILD | ADULT | OLDER_ADULT,Overall Response Rate (ORR),False,2015,True
NCT40000473,A Study of Tisagenlecleucel (Kymriah) in Patients with Diffuse Large B-Cell Lymphoma,COMPLETED,Phase 1,2015-12-11,2018-10-26,2018-05-04,43,ACTUAL,Diffuse Large B-Cell Lymphoma,Tisagenlecleucel (Kymriah),BIOLOGICAL,National Cancer Institute,NIH,United States,18,85,ALL,ADULT | OLDER_ADULT,Cytokine Release Syndrome Incidence,False,2015,False
NCT40000312,A Study of Investigational Mesothelin CAR-T in Patients with Acute Lymphoblastic Leukemia,RECRUITING,Phase 1 | Phase 2,2015-12-11,2017-05-04,2017-02-08,89,ACTUAL,Acute Lymphoblastic Leukemia,Investigational Mesothelin CAR-T,BIOLOGICAL,Legend Biotech,INDUSTRY,China,2,99,FEMALE,CHILD | ADULT | OLDER_ADULT,Duration of Response (DOR),False,2015,True
NCT40000083,A Study of Investigational GD2 CAR-T in Patients with Solid Tumor - Mesothelioma,TERMINATED,Phase 1,2015-12-29,2021-04-01,2020-05-16,6,ESTIMATED,Solid Tumor - Mesothelioma,Investigational GD2 CAR-T,BIOLOGICAL,Chinese PLA General Hospital,OTHER,China,2,85,FEMALE,CHILD | ADULT,Maximum Tolerated Dose (MTD),False,2015,True
NCT40000115,A Study of Investigational CD33 CAR-T in Patients with Follicular Lymphoma,ACTIVE_NOT_RECRUITING,Phase 3,2015-12-31,2017-01-24,2016-11-20,384,ESTIMATED,Follicular Lymphoma,Investigational CD33 CAR-T,BIOLOGICAL,Peking University,OTHER,Germany,18,85,FEMALE,ADULT,Duration of Response (DOR),False,2015,False
NCT40000229,A Study of Investigational CD33 CAR-T in Patients with Relapsed/Refractory B-cell Lymphoma,RECRUITING,Phase 1,2016-01-12,2018-07-30,2018-02-25,23,ACTUAL,Relapsed/Refractory B-cell Lymphoma,Investigational CD33 CAR-T,BIOLOGICAL,Bristol Myers Squibb,INDUSTRY,United States,12,80,FEMALE,ADULT | OLDER_ADULT,Progression-Free Survival (PFS),False,2016,False
NCT40000432,A Study of Investigational CD33 CAR-T in Patients with Multiple Myeloma,RECRUITING,Phase 1 | Phase 2,2016-01-21,2021-03-25,2020-05-14,50,ESTIMATED,Multiple Myeloma,Investigational CD33 CAR-T,BIOLOGICAL,MD Anderson Cancer Center,OTHER,Japan,6,99,ALL,ADULT,Overall Survival (OS),False,2016,False
NCT40000285,A Study of Allogeneic CAR-T (off-the-shelf) in Patients with Solid Tumor - Lung Cancer,RECRUITING,Phase 3,2016-02-06,2018-03-27,2017-11-17,276,ACTUAL,Solid Tumor - Lung Cancer,Allogeneic CAR-T (off-the-shelf),BIOLOGICAL,Fred Hutchinson Cancer Center,OTHER,China,2,80,ALL,CHILD | ADULT,Complete Response Rate (CRR),False,2016,True
NCT40000249,A Study of Investigational CD33 CAR-T in Patients with Diffuse Large B-Cell Lymphoma,COMPLETED,Phase 2,2016-03-01,2018-04-20,2017-12-11,187,ESTIMATED,Diffuse Large B-Cell Lymphoma,Investigational CD33 CAR-T,BIOLOGICAL,Peking University,OTHER,United States,2,99,ALL,CHILD | ADULT,Complete Response Rate (CRR),False,2016,True
NCT40000204,A Study of Lisocabtagene maraleucel (Breyanzi) in Patients with T-cell Lymphoma,COMPLETED,Phase 1 | Phase 2,2016-03-04,2017-05-28,2017-03-14,91,ESTIMATED,T-cell Lymphoma,Lisocabtagene maraleucel (Breyanzi),BIOLOGICAL,Memorial Sloan Kettering,OTHER,United States,2,80,ALL,CHILD | ADULT | OLDER_ADULT,Maximum Tolerated Dose (MTD),True,2016,True
NCT40000418,A Study of Brexucabtagene autoleucel (Tecartus) in Patients with Follicular Lymphoma,RECRUITING,Phase 1 | Phase 2,2016-03-10,2021-03-14,2020-05-13,71,ESTIMATED,Follicular Lymphoma,Brexucabtagene autoleucel (Tecartus),BIOLOGICAL,University of Pennsylvania,OTHER,United States,18,99,ALL,ADULT | OLDER_ADULT,Overall Survival (OS),False,2016,False
NCT40000456,A Study of Idecabtagene vicleucel (Abecma) in Patients with T-cell Lymphoma,COMPLETED,Phase 2,2016-03-11,2020-03-20,2019-07-19,80,ACTUAL,T-cell Lymphoma,Idecabtagene vicleucel (Abecma),BIOLOGICAL,Poseida Therapeutics,INDUSTRY,United States,18,75,ALL,ADULT,Maximum Tolerated Dose (MTD),False,2016,False
NCT40000061,A Study of Brexucabtagene autoleucel (Tecartus) in Patients with Solid Tumor - Mesothelioma,WITHDRAWN,Phase 2,2016-03-13,2020-01-22,2019-06-01,52,ACTUAL,Solid Tumor - Mesothelioma,Brexucabtagene autoleucel (Tecartus),BIOLOGICAL,Legend Biotech,INDUSTRY,Germany,2,80,ALL,CHILD | ADULT,Overall Survival (OS),False,2016,True
NCT40000357,A Study of Tisagenlecleucel (Kymriah) in Patients with Solid Tumor - Mesothelioma,RECRUITING,Phase 1 | Phase 2,2016-03-28,2017-06-21,2017-04-07,84,ESTIMATED,Solid Tumor - Mesothelioma,Tisagenlecleucel (Kymriah),BIOLOGICAL,National Cancer Institute,NIH,China,18,99,ALL,ADULT | OLDER_ADULT,Overall Survival (OS),False,2016,False
NCT40000256,A Study of Tisagenlecleucel (Kymriah) in Patients with T-cell Lymphoma,RECRUITING,Phase 2,2016-03-29,2020-11-03,2020-01-28,289,ESTIMATED,T-cell Lymphoma,Tisagenlecleucel (Kymriah),BIOLOGICAL,Peking University,OTHER,United Kingdom,2,85,ALL,CHILD | ADULT | OLDER_ADULT,Maximum Tolerated Dose (MTD),False,2016,True
NCT40000321,A Study of Ciltacabtagene autoleucel (Carvykti) in Patients with Acute Myeloid Leukemia,RECRUITING,Phase 1,2016-04-15,2021-08-17,2020-09-26,37,ACTUAL,Acute Myeloid Leukemia,Ciltacabtagene autoleucel (Carvykti),BIOLOGICAL,Kite Pharma / Gilead,INDUSTRY,United States,2,75,ALL,CHILD | ADULT,Progression-Free Survival (PFS),False,2016,True
NCT40000253,A Study of Investigational Mesothelin CAR-T in Patients with Follicular Lymphoma,COMPLETED,Phase 2,2016-04-21,2020-05-30,2019-09-23,187,ESTIMATED,Follicular Lymphoma,Investigational Mesothelin CAR-T,BIOLOGICAL,Peking University,OTHER,United Kingdom,2,85,ALL,CHILD | ADULT,Safety and Tolerability,False,2016,True
NCT40000029,A Study of Lisocabtagene maraleucel (Breyanzi) in Patients with Mantle Cell Lymphoma,COMPLETED,Phase 1,2016-04-27,2020-06-05,2019-09-29,19,ESTIMATED,Mantle Cell Lymphoma,Lisocabtagene maraleucel (Breyanzi),BIOLOGICAL,Novartis,INDUSTRY,United States,18,85,ALL,ADULT | OLDER_ADULT,Safety and Tolerability,True,2016,False
NCT40000419,A Study of Investigational CD22 CAR-T in Patients with Diffuse Large B-Cell Lymphoma,RECRUITING,Phase 3,2016-05-19,2021-02-22,2020-05-08,772,ESTIMATED,Diffuse Large B-Cell Lymphoma,Investigational CD22 CAR-T,BIOLOGICAL,Fred Hutchinson Cancer Center,OTHER,United Kingdom,6,85,ALL,ADULT,Safety and Tolerability,False,2016,False
NCT40000186,A Study of Investigational Dual-target CAR-T in Patients with B-cell Non-Hodgkin Lymphoma,COMPLETED,Phase 1,2016-05-27,2020-10-03,2020-01-12,9,ACTUAL,B-cell Non-Hodgkin Lymphoma,Investigational Dual-target CAR-T,BIOLOGICAL,National Cancer Institute,NIH,China,2,75,ALL,CHILD | ADULT,Overall Response Rate (ORR),True,2016,True
NCT40000088,A Study of Investigational Mesothelin CAR-T in Patients with Relapsed/Refractory B-cell Lymphoma,COMPLETED,Phase 2,2016-06-12,2018-08-01,2018-03-24,241,ESTIMATED,Relapsed/Refractory B-cell Lymphoma,Investigational Mesothelin CAR-T,BIOLOGICAL,Kite Pharma / Gilead,INDUSTRY,United States,18,75,MALE,ADULT,Progression-Free Survival (PFS),False,2016,False
NCT40000143,A Study of Investigational Mesothelin CAR-T in Patients with Multiple Myeloma,COMPLETED,Phase 2,2016-06-18,2018-09-06,2018-04-24,127,ESTIMATED,Multiple Myeloma,Investigational Mesothelin CAR-T,BIOLOGICAL,Memorial Sloan Kettering,OTHER,United States,2,80,MALE,CHILD | ADULT | OLDER_ADULT,Maximum Tolerated Dose (MTD),False,2016,True
NCT40000247,A Study of Investigational BCMA CAR-T in Patients with T-cell Lymphoma,COMPLETED,Phase 1,2016-06-24,2018-02-14,2017-11-06,17,ESTIMATED,T-cell Lymphoma,Investigational BCMA CAR-T,BIOLOGICAL,Memorial Sloan Kettering,OTHER,China,12,75,ALL,ADULT | OLDER_ADULT,Overall Response Rate (ORR),False,2016,False
NCT40000181,A Study of Idecabtagene vicleucel (Abecma) in Patients with Mantle Cell Lymphoma,ACTIVE_NOT_RECRUITING,Phase 1 | Phase 2,2016-06-25,2021-03-01,2020-05-20,46,ESTIMATED,Mantle Cell Lymphoma,Idecabtagene vicleucel (Abecma),BIOLOGICAL,Memorial Sloan Kettering,OTHER,United States,12,85,ALL,ADULT | OLDER_ADULT,Duration of Response (DOR),False,2016,False
NCT40000203,A Study of Idecabtagene vicleucel (Abecma) in Patients with Relapsed/Refractory B-cell Lymphoma,WITHDRAWN,Phase 1,2016-06-27,2018-08-16,2018-04-08,42,ACTUAL,Relapsed/Refractory B-cell Lymphoma,Idecabtagene vicleucel (Abecma),BIOLOGICAL,Janssen / Johnson & Johnson,INDUSTRY,China,18,85,ALL,ADULT | OLDER_ADULT,Safety and Tolerability,False,2016,False
NCT40000350,A Study of Ciltacabtagene autoleucel (Carvykti) in Patients with B-cell Non-Hodgkin Lymphoma,RECRUITING,Phase 1,2016-07-08,2019-05-24,2018-11-30,49,ACTUAL,B-cell Non-Hodgkin Lymphoma,Ciltacabtagene autoleucel (Carvykti),BIOLOGICAL,Kite Pharma / Gilead,INDUSTRY,United States,18,99,ALL,ADULT | OLDER_ADULT,Complete Response Rate (CRR),False,2016,False
NCT40000486,A Study of Investigational Dual-target CAR-T in Patients with Mantle Cell Lymphoma,NOT_YET_RECRUITING,Phase 2,2016-07-24,2022-01-24,2021-02-23,276,ESTIMATED,Mantle Cell Lymphoma,Investigational Dual-target CAR-T,BIOLOGICAL,University of Pennsylvania,OTHER,United States,12,80,ALL,ADULT,Complete Response Rate (CRR),False,2016,False
NCT40000151,A Study of Allogeneic CAR-T (off-the-shelf) in Patients with Chronic Lymphocytic Leukemia,RECRUITING,Phase 1,2016-08-03,2019-03-21,2018-10-12,12,ESTIMATED,Chronic Lymphocytic Leukemia,Allogeneic CAR-T (off-the-shelf),BIOLOGICAL,Novartis,INDUSTRY,United Kingdom,18,85,FEMALE,ADULT | OLDER_ADULT,Safety and Tolerability,False,2016,False
NCT40000293,A Study of Axicabtagene ciloleucel (Yescarta) in Patients with Pediatric ALL,COMPLETED,Phase 2,2016-08-14,2020-02-25,2019-07-25,155,ACTUAL,Pediatric ALL,Axicabtagene ciloleucel (Yescarta),BIOLOGICAL,MD Anderson Cancer Center,OTHER,France,2,99,MALE,ADULT | OLDER_ADULT,Complete Response Rate (CRR),True,2016,True
NCT40000093,A Study of Investigational CD19 CAR-T in Patients with Pediatric ALL,ACTIVE_NOT_RECRUITING,Phase 1,2016-08-15,2017-09-09,2017-07-06,48,ESTIMATED,Pediatric ALL,Investigational CD19 CAR-T,BIOLOGICAL,Gracell Biotechnologies,INDUSTRY,Canada,2,99,MALE,CHILD | ADULT,Overall Response Rate (ORR),False,2016,True
NCT40000039,A Study of Investigational CD22 CAR-T in Patients with Mantle Cell Lymphoma,COMPLETED,Phase 2,2016-08-19,2020-06-29,2019-11-07,82,ACTUAL,Mantle Cell Lymphoma,Investigational CD22 CAR-T,BIOLOGICAL,University of Pennsylvania,OTHER,China,2,99,FEMALE,CHILD | ADULT,Safety and Tolerability,False,2016,True
NCT40000245,A Study of Brexucabtagene autoleucel (Tecartus) in Patients with Solid Tumor - Lung Cancer,WITHDRAWN,N/A,2016-09-02,2022-06-03,2021-06-18,10,ACTUAL,Solid Tumor - Lung Cancer,Brexucabtagene autoleucel (Tecartus),BIOLOGICAL,National Cancer Institute,NIH,Australia,18,85,MALE,ADULT | OLDER_ADULT,Overall Survival (OS),False,2016,False
NCT40000455,A Study of Allogeneic CAR-T (off-the-shelf) in Patients with Relapsed/Refractory B-cell Lymphoma,RECRUITING,Phase 1,2016-09-13,2018-09-03,2018-05-06,29,ACTUAL,Relapsed/Refractory B-cell Lymphoma,Allogeneic CAR-T (off-the-shelf),BIOLOGICAL,Memorial Sloan Kettering,OTHER,China,2,75,ALL,CHILD | ADULT,Complete Response Rate (CRR),False,2016,True
NCT40000120,A Study of Idecabtagene vicleucel (Abecma) in Patients with Chronic Lymphocytic Leukemia,COMPLETED,Phase 2,2016-10-05,2022-09-04,2021-09-09,104,ESTIMATED,Chronic Lymphocytic Leukemia,Idecabtagene vicleucel (Abecma),BIOLOGICAL,MD Anderson Cancer Center,OTHER,United States,18,85,ALL,ADULT,Complete Response Rate (CRR),True,2016,False
NCT40000092,A Study of Brexucabtagene autoleucel (Tecartus) in Patients with Pediatric ALL,WITHDRAWN,Phase 3,2016-10-10,2018-09-30,2018-06-02,593,ACTUAL,Pediatric ALL,Brexucabtagene autoleucel (Tecartus),BIOLOGICAL,Legend Biotech,INDUSTRY,China,2,99,FEMALE,CHILD | ADULT,Overall Survival (OS),False,2016,True
NCT40000028,A Study of Idecabtagene vicleucel (Abecma) in Patients with Acute Myeloid Leukemia,NOT_YET_RECRUITING,Phase 2,2016-10-14,2020-12-22,2020-04-11,256,ESTIMATED,Acute Myeloid Leukemia,Idecabtagene vicleucel (Abecma),BIOLOGICAL,Legend Biotech,INDUSTRY,United Kingdom,2,75,ALL,CHILD | ADULT | OLDER_ADULT,Complete Response Rate (CRR),False,2016,True
NCT40000163,A Study of Ciltacabtagene autoleucel (Carvykti) in Patients with Follicular Lymphoma,ACTIVE_NOT_RECRUITING,N/A,2016-10-16,2020-12-24,2020-04-13,39,ACTUAL,Follicular Lymphoma,Ciltacabtagene autoleucel (Carvykti),BIOLOGICAL,University of Pennsylvania,OTHER,United States,2,75,MALE,CHILD | ADULT,Progression-Free Survival (PFS),False,2016,True
NCT40000287,A Study of Ciltacabtagene autoleucel (Carvykti) in Patients with B-cell Non-Hodgkin Lymphoma,ACTIVE_NOT_RECRUITING,Phase 1 | Phase 2,2016-10-28,2022-01-30,2021-03-16,97,ESTIMATED,B-cell Non-Hodgkin Lymphoma,Ciltacabtagene autoleucel (Carvykti),BIOLOGICAL,Legend Biotech,INDUSTRY,United States,18,80,ALL,ADULT,Progression-Free Survival (PFS),False,2016,False
NCT40000481,A Study of Brexucabtagene autoleucel (Tecartus) in Patients with Follicular Lymphoma,ACTIVE_NOT_RECRUITING,Phase 1,2016-11-02,2018-08-24,2018-05-06,28,ACTUAL,Follicular Lymphoma,Brexucabtagene autoleucel (Tecartus),BIOLOGICAL,Gracell Biotechnologies,INDUSTRY,Israel,6,99,ALL,ADULT,Maximum Tolerated Dose (MTD),False,2016,False
NCT40000176,A Study of Brexucabtagene autoleucel (Tecartus) in Patients with Acute Myeloid Leukemia,TERMINATED,Phase 1 | Phase 2,2016-11-25,2021-12-29,2021-02-22,100,ESTIMATED,Acute Myeloid Leukemia,Brexucabtagene autoleucel (Tecartus),BIOLOGICAL,University of Pennsylvania,OTHER,Germany,2,75,ALL,CHILD | ADULT | OLDER_ADULT,Safety and Tolerability,False,2016,True
NCT40000491,A Study of Investigational CD22 CAR-T in Patients with Multiple Myeloma,TERMINATED,Phase 1,2016-12-06,2021-07-13,2020-10-06,39,ACTUAL,Multiple Myeloma,Investigational CD22 CAR-T,BIOLOGICAL,Janssen / Johnson & Johnson,INDUSTRY,United States,18,99,ALL,ADULT | OLDER_ADULT,Progression-Free Survival (PFS),False,2016,False
NCT40000279,A Study of Investigational CD19 CAR-T in Patients with Acute Lymphoblastic Leukemia,COMPLETED,Phase 1,2016-12-20,2019-08-07,2019-02-28,11,ESTIMATED,Acute Lymphoblastic Leukemia,Investigational CD19 CAR-T,BIOLOGICAL,University of Toronto,OTHER,Israel,2,75,FEMALE,CHILD | ADULT,Overall Survival (OS),True,2016,True
NCT40000117,A Study of Investigational CD19 CAR-T in Patients with Chronic Lymphocytic Leukemia,RECRUITING,Phase 2,2016-12-27,2021-10-02,2020-12-16,133,ACTUAL,Chronic Lymphocytic Leukemia,Investigational CD19 CAR-T,BIOLOGICAL,National Cancer Institute,NIH,China,6,75,ALL,ADULT | OLDER_ADULT,Progression-Free Survival (PFS),False,2016,False
NCT40000451,A Study of Lisocabtagene maraleucel (Breyanzi) in Patients with Diffuse Large B-Cell Lymphoma,COMPLETED,Phase 1,2016-12-27,2022-01-30,2021-03-26,37,ACTUAL,Diffuse Large B-Cell Lymphoma,Lisocabtagene maraleucel (Breyanzi),BIOLOGICAL,National Cancer Institute,NIH,China,2,99,ALL,CHILD | ADULT,Duration of Response (DOR),True,2016,True
NCT40000497,A Study of Idecabtagene vicleucel (Abecma) in Patients with Chronic Lymphocytic Leukemia,ACTIVE_NOT_RECRUITING,Phase 1,2017-01-07,2020-01-22,2019-07-21,45,ACTUAL,Chronic Lymphocytic Leukemia,Idecabtagene vicleucel (Abecma),BIOLOGICAL,Poseida Therapeutics,INDUSTRY,Japan,2,75,ALL,CHILD | ADULT | OLDER_ADULT,Maximum Tolerated Dose (MTD),False,2017,True
NCT40000244,A Study of Idecabtagene vicleucel (Abecma) in Patients with B-cell Non-Hodgkin Lymphoma,RECRUITING,Phase 1,2017-01-11,2021-02-19,2020-06-14,30,ACTUAL,B-cell Non-Hodgkin Lymphoma,Idecabtagene vicleucel (Abecma),BIOLOGICAL,Novartis,INDUSTRY,United Kingdom,2,99,ALL,CHILD | ADULT | OLDER_ADULT,Duration of Response (DOR),False,2017,True
NCT40000266,A Study of Investigational GD2 CAR-T in Patients with Acute Lymphoblastic Leukemia,SUSPENDED,Phase 2,2017-01-20,2022-02-23,2021-04-19,85,ESTIMATED,Acute Lymphoblastic Leukemia,Investigational GD2 CAR-T,BIOLOGICAL,MD Anderson Cancer Center,OTHER,China,2,80,FEMALE,CHILD | ADULT,Complete Response Rate (CRR),False,2017,True
NCT40000148,A Study of Axicabtagene ciloleucel (Yescarta) in Patients with Mantle Cell Lymphoma,RECRUITING,Phase 1,2017-01-29,2022-11-29,2021-12-09,25,ESTIMATED,Mantle Cell Lymphoma,Axicabtagene ciloleucel (Yescarta),BIOLOGICAL,Janssen / Johnson & Johnson,INDUSTRY,United States,6,99,ALL,ADULT | OLDER_ADULT,Safety and Tolerability,False,2017,False
NCT40000492,A Study of Brexucabtagene autoleucel (Tecartus) in Patients with Acute Lymphoblastic Leukemia,COMPLETED,Phase 1,2017-02-14,2022-06-18,2021-07-28,15,ESTIMATED,Acute Lymphoblastic Leukemia,Brexucabtagene autoleucel (Tecartus),BIOLOGICAL,Memorial Sloan Kettering,OTHER,United States,18,99,MALE,ADULT,Safety and Tolerability,True,2017,False
NCT40000167,A Study of Investigational BCMA CAR-T in Patients with B-cell Non-Hodgkin Lymphoma,COMPLETED,Phase 1,2017-02-28,2021-12-04,2021-02-17,28,ACTUAL,B-cell Non-Hodgkin Lymphoma,Investigational BCMA CAR-T,BIOLOGICAL,Janssen / Johnson & Johnson,INDUSTRY,China,18,85,ALL,ADULT | OLDER_ADULT,Duration of Response (DOR),True,2017,False
NCT40000211,A Study of Investigational CD22 CAR-T in Patients with B-cell Non-Hodgkin Lymphoma,TERMINATED,Phase 2,2017-03-08,2022-12-07,2021-12-22,102,ESTIMATED,B-cell Non-Hodgkin Lymphoma,Investigational CD22 CAR-T,BIOLOGICAL,National Cancer Institute,NIH,South Korea,2,85,ALL,CHILD | ADULT | OLDER_ADULT,Cytokine Release Syndrome Incidence,False,2017,True
NCT40000232,A Study of Investigational Mesothelin CAR-T in Patients with Solid Tumor - Lung Cancer,ACTIVE_NOT_RECRUITING,Phase 2,2017-03-11,2021-04-19,2020-08-12,292,ESTIMATED,Solid Tumor - Lung Cancer,Investigational Mesothelin CAR-T,BIOLOGICAL,Chinese PLA General Hospital,OTHER,United States,18,99,MALE,ADULT | OLDER_ADULT,Progression-Free Survival (PFS),False,2017,False
NCT40000378,A Study of Investigational BCMA CAR-T in Patients with Follicular Lymphoma,TERMINATED,Phase 1,2017-03-14,2020-02-27,2019-08-31,13,ESTIMATED,Follicular Lymphoma,Investigational BCMA CAR-T,BIOLOGICAL,University of Toronto,OTHER,United States,12,85,MALE,ADULT | OLDER_ADULT,Overall Response Rate (ORR),False,2017,False
NCT40000013,A Study of Lisocabtagene maraleucel (Breyanzi) in Patients with Acute Myeloid Leukemia,TERMINATED,Phase 1 | Phase 2,2017-04-09,2020-10-20,2020-03-19,22,ESTIMATED,Acute Myeloid Leukemia,Lisocabtagene maraleucel (Breyanzi),BIOLOGICAL,Peking University,OTHER,Germany,18,85,ALL,ADULT,Overall Survival (OS),False,2017,False
NCT40000331,A Study of Investigational Dual-target CAR-T in Patients with Acute Lymphoblastic Leukemia,SUSPENDED,Phase 1 | Phase 2,2017-04-17,2022-10-18,2021-11-17,55,ESTIMATED,Acute Lymphoblastic Leukemia,Investigational Dual-target CAR-T,BIOLOGICAL,National Cancer Institute,NIH,United States,2,85,ALL,CHILD | ADULT,Overall Survival (OS),False,2017,True
NCT40000224,A Study of Idecabtagene vicleucel (Abecma) in Patients with Solid Tumor - Lung Cancer,ACTIVE_NOT_RECRUITING,N/A,2017-04-27,2018-05-22,2018-03-18,22,ESTIMATED,Solid Tumor - Lung Cancer,Idecabtagene vicleucel (Abecma),BIOLOGICAL,Novartis,INDUSTRY,Israel,2,99,ALL,CHILD | ADULT | OLDER_ADULT,Overall Survival (OS),False,2017,True
NCT40000052,A Study of Investigational Mesothelin CAR-T in Patients with B-cell Non-Hodgkin Lymphoma,RECRUITING,Phase 1,2017-05-05,2019-05-25,2019-01-20,35,ESTIMATED,B-cell Non-Hodgkin Lymphoma,Investigational Mesothelin CAR-T,BIOLOGICAL,Bristol Myers Squibb,INDUSTRY,China,2,85,ALL,CHILD | ADULT,Cytokine Release Syndrome Incidence,False,2017,True
NCT40000381,A Study of Investigational Dual-target CAR-T in Patients with Solid Tumor - Lung Cancer,RECRUITING,Phase 1,2017-06-10,2018-08-04,2018-05-26,11,ACTUAL,Solid Tumor - Lung Cancer,Investigational Dual-target CAR-T,BIOLOGICAL,Novartis,INDUSTRY,China,18,75,ALL,ADULT,Safety and Tolerability,False,2017,False
NCT40000084,A Study of Investigational Mesothelin CAR-T in Patients with Multiple Myeloma,COMPLETED,Phase 1,2017-06-16,2021-04-26,2020-09-03,40,ACTUAL,Multiple Myeloma,Investigational Mesothelin CAR-T,BIOLOGICAL,National Cancer Institute,NIH,China,2,85,MALE,CHILD | ADULT | OLDER_ADULT,Overall Survival (OS),False,2017,True
NCT40000131,A Study of Ciltacabtagene autoleucel (Carvykti) in Patients with Chronic Lymphocytic Leukemia,SUSPENDED,Phase 2,2017-07-04,2018-10-27,2018-08-08,134,ESTIMATED,Chronic Lymphocytic Leukemia,Ciltacabtagene autoleucel (Carvykti),BIOLOGICAL,Poseida Therapeutics,INDUSTRY,France,18,99,ALL,ADULT,Safety and Tolerability,False,2017,False
NCT40000047,A Study of Ciltacabtagene autoleucel (Carvykti) in Patients with B-cell Non-Hodgkin Lymphoma,RECRUITING,Phase 2,2017-07-14,2020-02-29,2019-09-22,278,ACTUAL,B-cell Non-Hodgkin Lymphoma,Ciltacabtagene autoleucel (Carvykti),BIOLOGICAL,Novartis,INDUSTRY,United States,6,75,ALL,ADULT | OLDER_ADULT,Progression-Free Survival (PFS),False,2017,False
NCT40000189,A Study of Lisocabtagene maraleucel (Breyanzi) in Patients with Solid Tumor - Neuroblastoma,COMPLETED,Phase 2,2017-07-24,2022-08-27,2021-10-21,125,ESTIMATED,Solid Tumor - Neuroblastoma,Lisocabtagene maraleucel (Breyanzi),BIOLOGICAL,National Cancer Institute,NIH,United States,18,80,ALL,ADULT | OLDER_ADULT,Cytokine Release Syndrome Incidence,True,2017,False
NCT40000258,A Study of Investigational Mesothelin CAR-T in Patients with Follicular Lymphoma,COMPLETED,Phase 1,2017-07-29,2021-06-08,2020-10-16,42,ESTIMATED,Follicular Lymphoma,Investigational Mesothelin CAR-T,BIOLOGICAL,National Cancer Institute,NIH,United States,2,99,ALL,CHILD | ADULT,Overall Response Rate (ORR),False,2017,True
NCT40000355,A Study of Investigational Dual-target CAR-T in Patients with Acute Myeloid Leukemia,ACTIVE_NOT_RECRUITING,Phase 1,2017-08-03,2021-04-14,2020-09-01,39,ESTIMATED,Acute Myeloid Leukemia,Investigational Dual-target CAR-T,BIOLOGICAL,Kite Pharma / Gilead,INDUSTRY,Australia,6,75,MALE,ADULT | OLDER_ADULT,Overall Survival (OS),False,2017,False
NCT40000180,A Study of Investigational CD22 CAR-T in Patients with Chronic Lymphocytic Leukemia,RECRUITING,Phase 3,2017-09-05,2021-06-16,2020-10-29,562,ESTIMATED,Chronic Lymphocytic Leukemia,Investigational CD22 CAR-T,BIOLOGICAL,Gracell Biotechnologies,INDUSTRY,United Kingdom,2,85,ALL,CHILD | ADULT | OLDER_ADULT,Overall Survival (OS),False,2017,True
NCT40000314,A Study of Investigational GD2 CAR-T in Patients with Solid Tumor - Neuroblastoma,ACTIVE_NOT_RECRUITING,Phase 1 | Phase 2,2017-09-17,2022-11-20,2022-01-09,89,ACTUAL,Solid Tumor - Neuroblastoma,Investigational GD2 CAR-T,BIOLOGICAL,University of Pennsylvania,OTHER,Australia,12,80,ALL,ADULT,Cytokine Release Syndrome Incidence,False,2017,False
NCT40000329,A Study of Investigational CD33 CAR-T in Patients with Solid Tumor - Mesothelioma,RECRUITING,Phase 1,2017-10-27,2021-03-10,2020-08-17,22,ESTIMATED,Solid Tumor - Mesothelioma,Investigational CD33 CAR-T,BIOLOGICAL,Legend Biotech,INDUSTRY,China,2,80,ALL,CHILD | ADULT | OLDER_ADULT,Safety and Tolerability,False,2017,True
NCT40000298,A Study of Investigational CD33 CAR-T in Patients with Acute Myeloid Leukemia,RECRUITING,Phase 3,2017-11-20,2023-10-20,2022-10-25,781,ACTUAL,Acute Myeloid Leukemia,Investigational CD33 CAR-T,BIOLOGICAL,Peking University,OTHER,Canada,6,80,ALL,ADULT,Maximum Tolerated Dose (MTD),False,2017,False
NCT40000488,A Study of Brexucabtagene autoleucel (Tecartus) in Patients with B-cell Non-Hodgkin Lymphoma,COMPLETED,Phase 1,2017-11-22,2020-09-07,2020-03-21,46,ACTUAL,B-cell Non-Hodgkin Lymphoma,Brexucabtagene autoleucel (Tecartus),BIOLOGICAL,Poseida Therapeutics,INDUSTRY,China,6,85,ALL,ADULT,Safety and Tolerability,False,2017,False
NCT40000113,A Study of Investigational CD33 CAR-T in Patients with Relapsed/Refractory B-cell Lymphoma,COMPLETED,Phase 1,2017-12-06,2023-06-08,2022-07-08,48,ESTIMATED,Relapsed/Refractory B-cell Lymphoma,Investigational CD33 CAR-T,BIOLOGICAL,Memorial Sloan Kettering,OTHER,China,12,75,ALL,ADULT,Safety and Tolerability,True,2017,False
NCT40000361,A Study of Tisagenlecleucel (Kymriah) in Patients with Acute Lymphoblastic Leukemia,COMPLETED,Phase 3,2017-12-19,2023-04-22,2022-06-01,498,ACTUAL,Acute Lymphoblastic Leukemia,Tisagenlecleucel (Kymriah),BIOLOGICAL,Peking University,OTHER,China,18,75,ALL,ADULT,Progression-Free Survival (PFS),True,2017,False
NCT40000257,A Study of Brexucabtagene autoleucel (Tecartus) in Patients with Pediatric ALL,WITHDRAWN,Phase 3,2018-01-13,2023-06-16,2022-07-21,264,ACTUAL,Pediatric ALL,Brexucabtagene autoleucel (Tecartus),BIOLOGICAL,Kite Pharma / Gilead,INDUSTRY,France,2,99,ALL,CHILD | ADULT | OLDER_ADULT,Cytokine Release Syndrome Incidence,False,2018,True
NCT40000392,A Study of Investigational Dual-target CAR-T in Patients with Solid Tumor - Neuroblastoma,RECRUITING,Phase 1,2018-01-17,2023-01-21,2022-03-22,25,ACTUAL,Solid Tumor - Neuroblastoma,Investigational Dual-target CAR-T,BIOLOGICAL,Gracell Biotechnologies,INDUSTRY,China,2,99,FEMALE,CHILD | ADULT | OLDER_ADULT,Progression-Free Survival (PFS),False,2018,True
NCT40000260,A Study of Investigational Dual-target CAR-T in Patients with Mantle Cell Lymphoma,COMPLETED,N/A,2018-01-31,2020-05-20,2020-01-01,10,ESTIMATED,Mantle Cell Lymphoma,Investigational Dual-target CAR-T,BIOLOGICAL,Bristol Myers Squibb,INDUSTRY,France,18,75,ALL,ADULT,Safety and Tolerability,False,2018,False
NCT40000230,A Study of Investigational CD19 CAR-T in Patients with Mantle Cell Lymphoma,COMPLETED,Phase 1,2018-02-06,2020-05-26,2020-01-07,21,ACTUAL,Mantle Cell Lymphoma,Investigational CD19 CAR-T,BIOLOGICAL,Poseida Therapeutics,INDUSTRY,United States,2,99,ALL,CHILD | ADULT | OLDER_ADULT,Maximum Tolerated Dose (MTD),True,2018,True
NCT40000006,A Study of Investigational Mesothelin CAR-T in Patients with Acute Lymphoblastic Leukemia,NOT_YET_RECRUITING,Phase 1,2018-03-08,2019-12-28,2019-09-09,29,ACTUAL,Acute Lymphoblastic Leukemia,Investigational Mesothelin CAR-T,BIOLOGICAL,Poseida Therapeutics,INDUSTRY,France,2,85,ALL,CHILD | ADULT | OLDER_ADULT,Safety and Tolerability,False,2018,True
NCT40000412,A Study of Investigational Dual-target CAR-T in Patients with Pediatric ALL,RECRUITING,Phase 1,2018-03-15,2022-05-23,2021-09-10,23,ACTUAL,Pediatric ALL,Investigational Dual-target CAR-T,BIOLOGICAL,Legend Biotech,INDUSTRY,United Kingdom,2,99,ALL,CHILD | ADULT | OLDER_ADULT,Cytokine Release Syndrome Incidence,False,2018,True
NCT40000173,A Study of Lisocabtagene maraleucel (Breyanzi) in Patients with Acute Lymphoblastic Leukemia,ACTIVE_NOT_RECRUITING,Phase 1 | Phase 2,2018-03-15,2023-02-17,2022-04-23,38,ESTIMATED,Acute Lymphoblastic Leukemia,Lisocabtagene maraleucel (Breyanzi),BIOLOGICAL,Poseida Therapeutics,INDUSTRY,United Kingdom,2,80,ALL,CHILD | ADULT,Overall Response Rate (ORR),False,2018,True
NCT40000155,A Study of Brexucabtagene autoleucel (Tecartus) in Patients with Acute Myeloid Leukemia,COMPLETED,Phase 2,2018-03-26,2021-04-09,2020-10-06,130,ACTUAL,Acute Myeloid Leukemia,Brexucabtagene autoleucel (Tecartus),BIOLOGICAL,National Cancer Institute,NIH,United Kingdom,18,75,ALL,ADULT | OLDER_ADULT,Progression-Free Survival (PFS),True,2018,False
NCT40000372,A Study of Idecabtagene vicleucel (Abecma) in Patients with Pediatric ALL,RECRUITING,Phase 2,2018-04-01,2023-03-06,2022-05-10,200,ACTUAL,Pediatric ALL,Idecabtagene vicleucel (Abecma),BIOLOGICAL,Chinese PLA General Hospital,OTHER,France,2,80,FEMALE,ADULT | OLDER_ADULT,Safety and Tolerability,False,2018,True
NCT40000280,A Study of Ciltacabtagene autoleucel (Carvykti) in Patients with Pediatric ALL,ACTIVE_NOT_RECRUITING,Phase 2,2018-04-05,2022-04-14,2021-08-12,298,ACTUAL,Pediatric ALL,Ciltacabtagene autoleucel (Carvykti),BIOLOGICAL,Peking University,OTHER,China,2,99,ALL,ADULT | OLDER_ADULT,Overall Survival (OS),False,2018,True
NCT40000325,A Study of Investigational BCMA CAR-T in Patients with Diffuse Large B-Cell Lymphoma,RECRUITING,Phase 2,2018-04-06,2023-07-09,2022-08-23,168,ACTUAL,Diffuse Large B-Cell Lymphoma,Investigational BCMA CAR-T,BIOLOGICAL,University of Toronto,OTHER,United States,6,99,ALL,ADULT | OLDER_ADULT,Overall Response Rate (ORR),False,2018,False
NCT40000102,A Study of Investigational Mesothelin CAR-T in Patients with B-cell Non-Hodgkin Lymphoma,WITHDRAWN,Phase 1,2018-04-24,2020-05-13,2020-01-09,34,ACTUAL,B-cell Non-Hodgkin Lymphoma,Investigational Mesothelin CAR-T,BIOLOGICAL,MD Anderson Cancer Center,OTHER,United States,2,99,FEMALE,CHILD | ADULT,Duration of Response (DOR),False,2018,True
NCT40000335,A Study of Idecabtagene vicleucel (Abecma) in Patients with Acute Myeloid Leukemia,RECRUITING,Phase 1,2018-05-03,2020-08-20,2020-04-02,43,ESTIMATED,Acute Myeloid Leukemia,Idecabtagene vicleucel (Abecma),BIOLOGICAL,Janssen / Johnson & Johnson,INDUSTRY,China,2,85,ALL,CHILD | ADULT | OLDER_ADULT,Complete Response Rate (CRR),False,2018,True
NCT40000431,A Study of Brexucabtagene autoleucel (Tecartus) in Patients with Multiple Myeloma,RECRUITING,Phase 2,2018-05-08,2021-03-23,2020-09-29,268,ESTIMATED,Multiple Myeloma,Brexucabtagene autoleucel (Tecartus),BIOLOGICAL,National Cancer Institute,NIH,China,12,85,FEMALE,ADULT | OLDER_ADULT,Progression-Free Survival (PFS),False,2018,False
NCT40000283,A Study of Tisagenlecleucel (Kymriah) in Patients with Diffuse Large B-Cell Lymphoma,ACTIVE_NOT_RECRUITING,Phase 1 | Phase 2,2018-05-10,2021-09-21,2021-02-28,30,ACTUAL,Diffuse Large B-Cell Lymphoma,Tisagenlecleucel (Kymriah),BIOLOGICAL,University of Toronto,OTHER,Canada,2,75,ALL,CHILD | ADULT | OLDER_ADULT,Cytokine Release Syndrome Incidence,False,2018,True
NCT40000278,A Study of Investigational CD19 CAR-T in Patients with Solid Tumor - Neuroblastoma,RECRUITING,Phase 3,2018-05-13,2019-12-04,2019-08-31,714,ACTUAL,Solid Tumor - Neuroblastoma,Investigational CD19 CAR-T,BIOLOGICAL,Gracell Biotechnologies,INDUSTRY,Germany,18,80,ALL,ADULT,Overall Response Rate (ORR),False,2018,False
NCT40000340,A Study of Investigational CD19 CAR-T in Patients with Diffuse Large B-Cell Lymphoma,WITHDRAWN,N/A,2018-05-15,2024-04-13,2023-04-19,5,ACTUAL,Diffuse Large B-Cell Lymphoma,Investigational CD19 CAR-T,BIOLOGICAL,Kite Pharma / Gilead,INDUSTRY,Japan,18,80,MALE,ADULT | OLDER_ADULT,Overall Response Rate (ORR),False,2018,False
NCT40000238,A Study of Ciltacabtagene autoleucel (Carvykti) in Patients with Follicular Lymphoma,SUSPENDED,Phase 1 | Phase 2,2018-05-23,2021-06-06,2020-12-03,79,ESTIMATED,Follicular Lymphoma,Ciltacabtagene autoleucel (Carvykti),BIOLOGICAL,Memorial Sloan Kettering,OTHER,China,6,80,MALE,ADULT | OLDER_ADULT,Overall Response Rate (ORR),False,2018,False
NCT40000308,A Study of Brexucabtagene autoleucel (Tecartus) in Patients with Mantle Cell Lymphoma,NOT_YET_RECRUITING,Phase 3,2018-06-03,2020-03-24,2019-12-05,276,ESTIMATED,Mantle Cell Lymphoma,Brexucabtagene autoleucel (Tecartus),BIOLOGICAL,Novartis,INDUSTRY,United States,2,75,ALL,CHILD | ADULT,Maximum Tolerated Dose (MTD),False,2018,True
NCT40000233,A Study of Investigational CD19 CAR-T in Patients with Acute Myeloid Leukemia,RECRUITING,N/A,2018-06-08,2020-10-25,2020-06-02,30,ACTUAL,Acute Myeloid Leukemia,Investigational CD19 CAR-T,BIOLOGICAL,Legend Biotech,INDUSTRY,China,18,75,FEMALE,ADULT | OLDER_ADULT,Progression-Free Survival (PFS),False,2018,False
NCT40000133,A Study of Lisocabtagene maraleucel (Breyanzi) in Patients with Pediatric ALL,ACTIVE_NOT_RECRUITING,Phase 3,2018-06-13,2022-10-20,2022-01-28,536,ACTUAL,Pediatric ALL,Lisocabtagene maraleucel (Breyanzi),BIOLOGICAL,Fred Hutchinson Cancer Center,OTHER,United Kingdom,2,80,ALL,CHILD | ADULT,Cytokine Release Syndrome Incidence,False,2018,True
NCT40000406,A Study of Allogeneic CAR-T (off-the-shelf) in Patients with T-cell Lymphoma,TERMINATED,N/A,2018-06-26,2021-06-10,2020-12-12,13,ACTUAL,T-cell Lymphoma,Allogeneic CAR-T (off-the-shelf),BIOLOGICAL,Gracell Biotechnologies,INDUSTRY,United States,18,75,FEMALE,ADULT,Cytokine Release Syndrome Incidence,False,2018,False
NCT40000121,A Study of Axicabtagene ciloleucel (Yescarta) in Patients with B-cell Non-Hodgkin Lymphoma,NOT_YET_RECRUITING,Phase 3,2018-07-12,2022-04-22,2021-09-04,435,ACTUAL,B-cell Non-Hodgkin Lymphoma,Axicabtagene ciloleucel (Yescarta),BIOLOGICAL,Fred Hutchinson Cancer Center,OTHER,United States,6,85,FEMALE,ADULT | OLDER_ADULT,Cytokine Release Syndrome Incidence,False,2018,False
NCT40000476,A Study of Investigational Mesothelin CAR-T in Patients with Solid Tumor - Mesothelioma,ACTIVE_NOT_RECRUITING,Phase 2,2018-07-31,2019-10-24,2019-08-10,128,ESTIMATED,Solid Tumor - Mesothelioma,Investigational Mesothelin CAR-T,BIOLOGICAL,Janssen / Johnson & Johnson,INDUSTRY,France,6,75,MALE,ADULT,Progression-Free Survival (PFS),False,2018,False
NCT40000154,A Study of Axicabtagene ciloleucel (Yescarta) in Patients with Multiple Myeloma,RECRUITING,Phase 1 | Phase 2,2018-08-03,2024-07-02,2023-07-08,92,ACTUAL,Multiple Myeloma,Axicabtagene ciloleucel (Yescarta),BIOLOGICAL,Novartis,INDUSTRY,China,2,75,ALL,CHILD | ADULT,Maximum Tolerated Dose (MTD),False,2018,True
NCT40000416,A Study of Idecabtagene vicleucel (Abecma) in Patients with Acute Myeloid Leukemia,RECRUITING,Phase 1,2018-08-15,2024-06-14,2023-06-25,31,ACTUAL,Acute Myeloid Leukemia,Idecabtagene vicleucel (Abecma),BIOLOGICAL,Novartis,INDUSTRY,Japan,6,85,MALE,ADULT,Progression-Free Survival (PFS),False,2018,False
NCT40000327,A Study of Investigational Mesothelin CAR-T in Patients with Mantle Cell Lymphoma,ACTIVE_NOT_RECRUITING,Phase 2,2018-09-02,2019-11-26,2019-09-12,91,ACTUAL,Mantle Cell Lymphoma,Investigational Mesothelin CAR-T,BIOLOGICAL,Fred Hutchinson Cancer Center,OTHER,United States,2,80,ALL,CHILD | ADULT,Overall Survival (OS),False,2018,True
NCT40000371,A Study of Investigational CD22 CAR-T in Patients with Solid Tumor - Mesothelioma,RECRUITING,Phase 1 | Phase 2,2018-09-10,2021-10-24,2021-04-17,60,ACTUAL,Solid Tumor - Mesothelioma,Investigational CD22 CAR-T,BIOLOGICAL,Peking University,OTHER,China,6,75,ALL,ADULT,Safety and Tolerability,False,2018,False
NCT40000382,A Study of Investigational CD22 CAR-T in Patients with Acute Lymphoblastic Leukemia,ACTIVE_NOT_RECRUITING,Phase 1,2018-09-14,2021-12-27,2021-06-10,46,ESTIMATED,Acute Lymphoblastic Leukemia,Investigational CD22 CAR-T,BIOLOGICAL,MD Anderson Cancer Center,OTHER,China,2,99,ALL,CHILD | ADULT,Duration of Response (DOR),False,2018,True
NCT40000317,A Study of Investigational Mesothelin CAR-T in Patients with Pediatric ALL,RECRUITING,Phase 1 | Phase 2,2018-09-15,2022-07-26,2021-12-03,70,ESTIMATED,Pediatric ALL,Investigational Mesothelin CAR-T,BIOLOGICAL,Legend Biotech,INDUSTRY,United States,2,85,ALL,ADULT,Maximum Tolerated Dose (MTD),False,2018,True
NCT40000246,A Study of Ciltacabtagene autoleucel (Carvykti) in Patients with Acute Lymphoblastic Leukemia,ACTIVE_NOT_RECRUITING,Phase 1 | Phase 2,2018-09-18,2021-11-01,2021-04-25,96,ESTIMATED,Acute Lymphoblastic Leukemia,Ciltacabtagene autoleucel (Carvykti),BIOLOGICAL,Bristol Myers Squibb,INDUSTRY,United Kingdom,18,99,ALL,ADULT | OLDER_ADULT,Progression-Free Survival (PFS),False,2018,False
NCT40000454,A Study of Allogeneic CAR-T (off-the-shelf) in Patients with Solid Tumor - Mesothelioma,RECRUITING,Phase 2,2018-09-23,2023-03-31,2022-06-29,296,ACTUAL,Solid Tumor - Mesothelioma,Allogeneic CAR-T (off-the-shelf),BIOLOGICAL,Novartis,INDUSTRY,China,18,85,MALE,ADULT | OLDER_ADULT,Overall Response Rate (ORR),False,2018,False
NCT40000226,A Study of Tisagenlecleucel (Kymriah) in Patients with Mantle Cell Lymphoma,RECRUITING,Phase 2,2018-09-27,2021-05-14,2020-12-05,142,ACTUAL,Mantle Cell Lymphoma,Tisagenlecleucel (Kymriah),BIOLOGICAL,Bristol Myers Squibb,INDUSTRY,Japan,18,75,FEMALE,ADULT | OLDER_ADULT,Safety and Tolerability,False,2018,False
NCT40000452,A Study of Tisagenlecleucel (Kymriah) in Patients with Solid Tumor - Lung Cancer,ACTIVE_NOT_RECRUITING,Phase 1,2018-10-20,2020-02-12,2019-11-24,40,ACTUAL,Solid Tumor - Lung Cancer,Tisagenlecleucel (Kymriah),BIOLOGICAL,Peking University,OTHER,United States,12,80,ALL,ADULT,Safety and Tolerability,False,2018,False
NCT40000477,A Study of Brexucabtagene autoleucel (Tecartus) in Patients with Relapsed/Refractory B-cell Lymphoma,NOT_YET_RECRUITING,Phase 1,2018-10-24,2022-02-05,2021-07-20,44,ACTUAL,Relapsed/Refractory B-cell Lymphoma,Brexucabtagene autoleucel (Tecartus),BIOLOGICAL,Fred Hutchinson Cancer Center,OTHER,United States,6,75,ALL,ADULT | OLDER_ADULT,Cytokine Release Syndrome Incidence,False,2018,False
NCT40000310,A Study of Investigational Dual-target CAR-T in Patients with Mantle Cell Lymphoma,ACTIVE_NOT_RECRUITING,Phase 2,2018-10-24,2022-10-03,2022-02-05,190,ACTUAL,Mantle Cell Lymphoma,Investigational Dual-target CAR-T,BIOLOGICAL,Legend Biotech,INDUSTRY,United States,12,80,ALL,ADULT,Duration of Response (DOR),False,2018,False
NCT40000301,A Study of Investigational Mesothelin CAR-T in Patients with Relapsed/Refractory B-cell Lymphoma,COMPLETED,Phase 1,2018-11-15,2022-11-24,2022-03-24,12,ACTUAL,Relapsed/Refractory B-cell Lymphoma,Investigational Mesothelin CAR-T,BIOLOGICAL,Chinese PLA General Hospital,OTHER,China,18,80,ALL,ADULT,Cytokine Release Syndrome Incidence,False,2018,False
NCT40000320,A Study of Ciltacabtagene autoleucel (Carvykti) in Patients with Chronic Lymphocytic Leukemia,RECRUITING,Phase 1,2018-11-17,2024-06-18,2023-07-14,27,ACTUAL,Chronic Lymphocytic Leukemia,Ciltacabtagene autoleucel (Carvykti),BIOLOGICAL,Bristol Myers Squibb,INDUSTRY,United States,2,80,MALE,CHILD | ADULT | OLDER_ADULT,Maximum Tolerated Dose (MTD),False,2018,True
NCT40000440,A Study of Investigational Dual-target CAR-T in Patients with Mantle Cell Lymphoma,COMPLETED,Phase 1,2018-11-27,2020-05-20,2020-02-20,12,ACTUAL,Mantle Cell Lymphoma,Investigational Dual-target CAR-T,BIOLOGICAL,Fred Hutchinson Cancer Center,OTHER,United States,12,75,ALL,ADULT | OLDER_ADULT,Cytokine Release Syndrome Incidence,False,2018,False
NCT40000103,A Study of Tisagenlecleucel (Kymriah) in Patients with T-cell Lymphoma,COMPLETED,Phase 2,2018-12-06,2021-04-24,2020-11-30,98,ACTUAL,T-cell Lymphoma,Tisagenlecleucel (Kymriah),BIOLOGICAL,Gracell Biotechnologies,INDUSTRY,United States,2,99,MALE,CHILD | ADULT,Overall Survival (OS),True,2018,True
NCT40000222,A Study of Investigational Mesothelin CAR-T in Patients with Acute Myeloid Leukemia,RECRUITING,Phase 1 | Phase 2,2018-12-07,2024-10-06,2023-10-17,29,ACTUAL,Acute Myeloid Leukemia,Investigational Mesothelin CAR-T,BIOLOGICAL,Kite Pharma / Gilead,INDUSTRY,South Korea,18,80,ALL,ADULT | OLDER_ADULT,Cytokine Release Syndrome Incidence,False,2018,False
NCT40000237,A Study of Investigational Dual-target CAR-T in Patients with T-cell Lymphoma,WITHDRAWN,Phase 1,2018-12-18,2023-11-22,2023-01-26,27,ACTUAL,T-cell Lymphoma,Investigational Dual-target CAR-T,BIOLOGICAL,Gracell Biotechnologies,INDUSTRY,United Kingdom,12,75,ALL,ADULT,Complete Response Rate (CRR),False,2018,False
NCT40000068,A Study of Axicabtagene ciloleucel (Yescarta) in Patients with Mantle Cell Lymphoma,RECRUITING,Phase 3,2018-12-27,2022-07-09,2021-12-06,275,ACTUAL,Mantle Cell Lymphoma,Axicabtagene ciloleucel (Yescarta),BIOLOGICAL,Chinese PLA General Hospital,OTHER,United States,6,75,FEMALE,ADULT,Progression-Free Survival (PFS),False,2018,False
NCT40000332,A Study of Lisocabtagene maraleucel (Breyanzi) in Patients with Relapsed/Refractory B-cell Lymphoma,COMPLETED,Phase 2,2019-01-24,2023-07-02,2022-10-05,131,ESTIMATED,Relapsed/Refractory B-cell Lymphoma,Lisocabtagene maraleucel (Breyanzi),BIOLOGICAL,Peking University,OTHER,Germany,18,99,ALL,ADULT,Safety and Tolerability,True,2019,False
NCT40000078,A Study of Tisagenlecleucel (Kymriah) in Patients with Acute Myeloid Leukemia,COMPLETED,N/A,2019-01-25,2024-07-27,2023-08-27,37,ESTIMATED,Acute Myeloid Leukemia,Tisagenlecleucel (Kymriah),BIOLOGICAL,Legend Biotech,INDUSTRY,Israel,18,99,ALL,ADULT,Overall Response Rate (ORR),True,2019,False
NCT40000153,A Study of Ciltacabtagene autoleucel (Carvykti) in Patients with T-cell Lymphoma,NOT_YET_RECRUITING,Phase 2,2019-02-10,2021-12-26,2021-07-04,181,ACTUAL,T-cell Lymphoma,Ciltacabtagene autoleucel (Carvykti),BIOLOGICAL,Peking University,OTHER,Australia,18,75,ALL,ADULT,Maximum Tolerated Dose (MTD),False,2019,False
NCT40000286,A Study of Lisocabtagene maraleucel (Breyanzi) in Patients with Acute Lymphoblastic Leukemia,TERMINATED,Phase 1 | Phase 2,2019-02-13,2020-09-05,2020-06-02,88,ACTUAL,Acute Lymphoblastic Leukemia,Lisocabtagene maraleucel (Breyanzi),BIOLOGICAL,Bristol Myers Squibb,INDUSTRY,China,2,85,FEMALE,CHILD | ADULT | OLDER_ADULT,Maximum Tolerated Dose (MTD),False,2019,True
NCT40000337,A Study of Investigational Mesothelin CAR-T in Patients with Solid Tumor - Lung Cancer,RECRUITING,Phase 1,2019-03-07,2023-02-14,2022-06-19,35,ACTUAL,Solid Tumor - Lung Cancer,Investigational Mesothelin CAR-T,BIOLOGICAL,Bristol Myers Squibb,INDUSTRY,China,18,85,ALL,ADULT | OLDER_ADULT,Complete Response Rate (CRR),False,2019,False
NCT40000160,A Study of Ciltacabtagene autoleucel (Carvykti) in Patients with Chronic Lymphocytic Leukemia,COMPLETED,Phase 1,2019-03-09,2024-06-10,2023-07-26,42,ACTUAL,Chronic Lymphocytic Leukemia,Ciltacabtagene autoleucel (Carvykti),BIOLOGICAL,Fred Hutchinson Cancer Center,OTHER,Israel,2,85,FEMALE,CHILD | ADULT | OLDER_ADULT,Maximum Tolerated Dose (MTD),False,2019,True
NCT40000254,A Study of Investigational Mesothelin CAR-T in Patients with Relapsed/Refractory B-cell Lymphoma,TERMINATED,Phase 3,2019-03-26,2024-12-24,2024-01-09,260,ACTUAL,Relapsed/Refractory B-cell Lymphoma,Investigational Mesothelin CAR-T,BIOLOGICAL,University of Toronto,OTHER,South Korea,18,80,ALL,ADULT | OLDER_ADULT,Overall Survival (OS),False,2019,False
NCT40000077,A Study of Investigational CD19 CAR-T in Patients with Acute Myeloid Leukemia,RECRUITING,Phase 1,2019-03-27,2023-11-01,2023-01-25,37,ACTUAL,Acute Myeloid Leukemia,Investigational CD19 CAR-T,BIOLOGICAL,Gracell Biotechnologies,INDUSTRY,China,18,99,ALL,ADULT | OLDER_ADULT,Maximum Tolerated Dose (MTD),False,2019,False
NCT40000423,A Study of Ciltacabtagene autoleucel (Carvykti) in Patients with Acute Lymphoblastic Leukemia,RECRUITING,Phase 1,2019-04-02,2022-01-16,2021-07-30,39,ESTIMATED,Acute Lymphoblastic Leukemia,Ciltacabtagene autoleucel (Carvykti),BIOLOGICAL,Poseida Therapeutics,INDUSTRY,China,6,75,ALL,ADULT | OLDER_ADULT,Overall Survival (OS),False,2019,False
NCT40000318,A Study of Investigational Mesothelin CAR-T in Patients with Diffuse Large B-Cell Lymphoma,RECRUITING,Phase 1,2019-04-19,2021-01-08,2020-09-25,15,ACTUAL,Diffuse Large B-Cell Lymphoma,Investigational Mesothelin CAR-T,BIOLOGICAL,Peking University,OTHER,United States,2,75,MALE,CHILD | ADULT | OLDER_ADULT,Complete Response Rate (CRR),False,2019,True
NCT40000363,A Study of Investigational Mesothelin CAR-T in Patients with Solid Tumor - Mesothelioma,TERMINATED,Phase 2,2019-04-19,2020-06-12,2020-04-03,287,ESTIMATED,Solid Tumor - Mesothelioma,Investigational Mesothelin CAR-T,BIOLOGICAL,Janssen / Johnson & Johnson,INDUSTRY,South Korea,6,75,ALL,ADULT,Maximum Tolerated Dose (MTD),False,2019,False
NCT40000048,A Study of Idecabtagene vicleucel (Abecma) in Patients with Chronic Lymphocytic Leukemia,RECRUITING,Phase 2,2019-04-22,2022-06-05,2021-11-27,134,ESTIMATED,Chronic Lymphocytic Leukemia,Idecabtagene vicleucel (Abecma),BIOLOGICAL,Fred Hutchinson Cancer Center,OTHER,United States,6,99,ALL,ADULT | OLDER_ADULT,Overall Response Rate (ORR),False,2019,False
NCT40000353,A Study of Tisagenlecleucel (Kymriah) in Patients with Multiple Myeloma,SUSPENDED,Phase 1,2019-05-02,2025-01-30,2024-02-15,43,ACTUAL,Multiple Myeloma,Tisagenlecleucel (Kymriah),BIOLOGICAL,Fred Hutchinson Cancer Center,OTHER,United States,12,99,ALL,ADULT | OLDER_ADULT,Cytokine Release Syndrome Incidence,False,2019,False
NCT40000205,A Study of Axicabtagene ciloleucel (Yescarta) in Patients with Acute Myeloid Leukemia,COMPLETED,Phase 3,2019-05-04,2022-06-17,2021-12-09,352,ESTIMATED,Acute Myeloid Leukemia,Axicabtagene ciloleucel (Yescarta),BIOLOGICAL,University of Pennsylvania,OTHER,Canada,2,80,FEMALE,CHILD | ADULT,Overall Survival (OS),False,2019,True
NCT40000322,A Study of Ciltacabtagene autoleucel (Carvykti) in Patients with Solid Tumor - Neuroblastoma,RECRUITING,Phase 1,2019-05-08,2023-06-16,2022-10-09,47,ACTUAL,Solid Tumor - Neuroblastoma,Ciltacabtagene autoleucel (Carvykti),BIOLOGICAL,National Cancer Institute,NIH,Japan,2,75,ALL,CHILD | ADULT,Maximum Tolerated Dose (MTD),False,2019,True
NCT40000003,A Study of Investigational CD33 CAR-T in Patients with Mantle Cell Lymphoma,COMPLETED,Phase 1,2019-06-25,2022-03-11,2021-09-27,23,ACTUAL,Mantle Cell Lymphoma,Investigational CD33 CAR-T,BIOLOGICAL,Peking University,OTHER,Canada,18,75,ALL,ADULT | OLDER_ADULT,Cytokine Release Syndrome Incidence,False,2019,False
NCT40000446,A Study of Allogeneic CAR-T (off-the-shelf) in Patients with B-cell Non-Hodgkin Lymphoma,TERMINATED,Phase 2,2019-08-28,2024-10-30,2023-12-20,124,ACTUAL,B-cell Non-Hodgkin Lymphoma,Allogeneic CAR-T (off-the-shelf),BIOLOGICAL,Peking University,OTHER,United States,2,80,FEMALE,CHILD | ADULT,Duration of Response (DOR),False,2019,True
NCT40000470,A Study of Investigational CD22 CAR-T in Patients with Acute Myeloid Leukemia,RECRUITING,Phase 1,2019-08-29,2024-11-30,2024-01-15,26,ACTUAL,Acute Myeloid Leukemia,Investigational CD22 CAR-T,BIOLOGICAL,Chinese PLA General Hospital,OTHER,South Korea,2,80,ALL,CHILD | ADULT | OLDER_ADULT,Cytokine Release Syndrome Incidence,False,2019,True
NCT40000038,A Study of Allogeneic CAR-T (off-the-shelf) in Patients with Chronic Lymphocytic Leukemia,ACTIVE_NOT_RECRUITING,Phase 2,2019-09-04,2020-12-27,2020-10-08,292,ACTUAL,Chronic Lymphocytic Leukemia,Allogeneic CAR-T (off-the-shelf),BIOLOGICAL,Kite Pharma / Gilead,INDUSTRY,China,18,85,MALE,ADULT | OLDER_ADULT,Safety and Tolerability,False,2019,False
NCT40000408,A Study of Investigational Dual-target CAR-T in Patients with Multiple Myeloma,RECRUITING,Phase 3,2019-09-05,2023-05-17,2022-10-04,630,ESTIMATED,Multiple Myeloma,Investigational Dual-target CAR-T,BIOLOGICAL,University of Toronto,OTHER,Israel,18,75,MALE,ADULT,Overall Survival (OS),False,2019,False
NCT40000242,A Study of Investigational GD2 CAR-T in Patients with Chronic Lymphocytic Leukemia,ACTIVE_NOT_RECRUITING,Phase 1 | Phase 2,2019-09-11,2022-09-25,2022-03-24,23,ESTIMATED,Chronic Lymphocytic Leukemia,Investigational GD2 CAR-T,BIOLOGICAL,University of Pennsylvania,OTHER,France,6,80,ALL,ADULT | OLDER_ADULT,Cytokine Release Syndrome Incidence,False,2019,False
NCT40000059,A Study of Investigational CD33 CAR-T in Patients with Solid Tumor - Mesothelioma,COMPLETED,Phase 2,2019-10-09,2025-01-10,2024-02-25,237,ACTUAL,Solid Tumor - Mesothelioma,Investigational CD33 CAR-T,BIOLOGICAL,University of Toronto,OTHER,China,2,85,MALE,CHILD | ADULT | OLDER_ADULT,Complete Response Rate (CRR),True,2019,True
NCT40000272,A Study of Investigational CD19 CAR-T in Patients with Pediatric ALL,ACTIVE_NOT_RECRUITING,Phase 1,2019-10-24,2024-07-29,2023-10-13,21,ACTUAL,Pediatric ALL,Investigational CD19 CAR-T,BIOLOGICAL,University of Pennsylvania,OTHER,Canada,2,75,ALL,CHILD | ADULT,Complete Response Rate (CRR),False,2019,True
NCT40000136,A Study of Lisocabtagene maraleucel (Breyanzi) in Patients with Multiple Myeloma,TERMINATED,Phase 2,2019-10-26,2020-12-19,2020-10-10,155,ESTIMATED,Multiple Myeloma,Lisocabtagene maraleucel (Breyanzi),BIOLOGICAL,Bristol Myers Squibb,INDUSTRY,Japan,18,80,MALE,ADULT | OLDER_ADULT,Safety and Tolerability,False,2019,False
NCT40000384,A Study of Ciltacabtagene autoleucel (Carvykti) in Patients with Solid Tumor - Mesothelioma,WITHDRAWN,Phase 2,2019-10-26,2022-10-10,2022-04-13,151,ACTUAL,Solid Tumor - Mesothelioma,Ciltacabtagene autoleucel (Carvykti),BIOLOGICAL,University of Pennsylvania,OTHER,United States,18,99,ALL,ADULT,Overall Survival (OS),False,2019,False
NCT40000306,A Study of Ciltacabtagene autoleucel (Carvykti) in Patients with Solid Tumor - Mesothelioma,TERMINATED,Phase 1,2019-10-30,2024-08-04,2023-10-19,32,ESTIMATED,Solid Tumor - Mesothelioma,Ciltacabtagene autoleucel (Carvykti),BIOLOGICAL,Novartis,INDUSTRY,China,18,99,ALL,ADULT,Cytokine Release Syndrome Incidence,False,2019,False
NCT40000313,A Study of Investigational CD19 CAR-T in Patients with Acute Myeloid Leukemia,RECRUITING,Phase 2,2019-11-12,2023-03-26,2022-09-02,117,ACTUAL,Acute Myeloid Leukemia,Investigational CD19 CAR-T,BIOLOGICAL,Bristol Myers Squibb,INDUSTRY,United States,18,85,FEMALE,ADULT,Progression-Free Survival (PFS),False,2019,False
NCT40000178,A Study of Axicabtagene ciloleucel (Yescarta) in Patients with Pediatric ALL,ACTIVE_NOT_RECRUITING,Phase 1,2019-11-22,2022-07-09,2022-01-30,32,ESTIMATED,Pediatric ALL,Axicabtagene ciloleucel (Yescarta),BIOLOGICAL,Fred Hutchinson Cancer Center,OTHER,United States,2,80,ALL,ADULT | OLDER_ADULT,Overall Survival (OS),False,2019,True
NCT40000079,A Study of Idecabtagene vicleucel (Abecma) in Patients with Relapsed/Refractory B-cell Lymphoma,TERMINATED,Phase 2,2019-12-01,2024-11-04,2024-01-09,63,ESTIMATED,Relapsed/Refractory B-cell Lymphoma,Idecabtagene vicleucel (Abecma),BIOLOGICAL,Gracell Biotechnologies,INDUSTRY,France,2,80,MALE,CHILD | ADULT | OLDER_ADULT,Progression-Free Survival (PFS),False,2019,True
NCT40000265,A Study of Allogeneic CAR-T (off-the-shelf) in Patients with Follicular Lymphoma,WITHDRAWN,Phase 1,2019-12-04,2025-06-05,2024-07-05,19,ACTUAL,Follicular Lymphoma,Allogeneic CAR-T (off-the-shelf),BIOLOGICAL,University of Pennsylvania,OTHER,Germany,2,75,ALL,CHILD | ADULT | OLDER_ADULT,Progression-Free Survival (PFS),False,2019,True
NCT40000045,A Study of Investigational GD2 CAR-T in Patients with B-cell Non-Hodgkin Lymphoma,RECRUITING,Phase 3,2019-12-05,2024-02-12,2023-06-02,716,ESTIMATED,B-cell Non-Hodgkin Lymphoma,Investigational GD2 CAR-T,BIOLOGICAL,University of Pennsylvania,OTHER,South Korea,2,99,MALE,CHILD | ADULT,Progression-Free Survival (PFS),False,2019,True
NCT40000118,A Study of Lisocabtagene maraleucel (Breyanzi) in Patients with Solid Tumor - Mesothelioma,ACTIVE_NOT_RECRUITING,Phase 1,2019-12-09,2024-05-16,2023-08-20,33,ESTIMATED,Solid Tumor - Mesothelioma,Lisocabtagene maraleucel (Breyanzi),BIOLOGICAL,MD Anderson Cancer Center,OTHER,United States,12,99,ALL,ADULT,Safety and Tolerability,False,2019,False
NCT40000152,A Study of Investigational BCMA CAR-T in Patients with Pediatric ALL,ACTIVE_NOT_RECRUITING,Phase 1 | Phase 2,2019-12-16,2022-10-01,2022-04-14,77,ESTIMATED,Pediatric ALL,Investigational BCMA CAR-T,BIOLOGICAL,Fred Hutchinson Cancer Center,OTHER,Canada,2,75,FEMALE,ADULT | OLDER_ADULT,Cytokine Release Syndrome Incidence,False,2019,True
NCT40000443,A Study of Investigational Mesothelin CAR-T in Patients with B-cell Non-Hodgkin Lymphoma,COMPLETED,Phase 2,2019-12-24,2021-08-15,2021-05-07,298,ESTIMATED,B-cell Non-Hodgkin Lymphoma,Investigational Mesothelin CAR-T,BIOLOGICAL,National Cancer Institute,NIH,United Kingdom,2,80,MALE,CHILD | ADULT,Cytokine Release Syndrome Incidence,True,2019,True
NCT40000157,A Study of Tisagenlecleucel (Kymriah) in Patients with Multiple Myeloma,NOT_YET_RECRUITING,Phase 1,2019-12-26,2021-05-19,2021-02-23,49,ESTIMATED,Multiple Myeloma,Tisagenlecleucel (Kymriah),BIOLOGICAL,Chinese PLA General Hospital,OTHER,United States,2,85,ALL,CHILD | ADULT | OLDER_ADULT,Complete Response Rate (CRR),False,2019,True
NCT40000471,A Study of Investigational GD2 CAR-T in Patients with Relapsed/Refractory B-cell Lymphoma,RECRUITING,Phase 1,2020-01-14,2023-01-28,2022-07-27,6,ESTIMATED,Relapsed/Refractory B-cell Lymphoma,Investigational GD2 CAR-T,BIOLOGICAL,University of Toronto,OTHER,China,2,75,ALL,CHILD | ADULT,Overall Response Rate (ORR),False,2020,True
NCT40000251,A Study of Allogeneic CAR-T (off-the-shelf) in Patients with Solid Tumor - Lung Cancer,RECRUITING,Phase 2,2020-02-02,2022-05-22,2022-01-02,139,ESTIMATED,Solid Tumor - Lung Cancer,Allogeneic CAR-T (off-the-shelf),BIOLOGICAL,University of Pennsylvania,OTHER,United States,2,75,ALL,CHILD | ADULT,Complete Response Rate (CRR),False,2020,True
NCT40000390,A Study of Investigational CD33 CAR-T in Patients with Acute Lymphoblastic Leukemia,ACTIVE_NOT_RECRUITING,Phase 2,2020-02-09,2022-10-26,2022-05-14,207,ACTUAL,Acute Lymphoblastic Leukemia,Investigational CD33 CAR-T,BIOLOGICAL,University of Toronto,OTHER,China,2,85,ALL,CHILD | ADULT,Duration of Response (DOR),False,2020,True
NCT40000140,A Study of Investigational BCMA CAR-T in Patients with Relapsed/Refractory B-cell Lymphoma,TERMINATED,Phase 2,2020-02-13,2025-09-14,2024-10-09,139,ACTUAL,Relapsed/Refractory B-cell Lymphoma,Investigational BCMA CAR-T,BIOLOGICAL,Bristol Myers Squibb,INDUSTRY,United States,18,99,FEMALE,ADULT,Cytokine Release Syndrome Incidence,False,2020,False
NCT40000449,A Study of Lisocabtagene maraleucel (Breyanzi) in Patients with Multiple Myeloma,WITHDRAWN,Phase 1,2020-02-27,2022-07-16,2022-02-21,50,ACTUAL,Multiple Myeloma,Lisocabtagene maraleucel (Breyanzi),BIOLOGICAL,Legend Biotech,INDUSTRY,France,2,99,ALL,CHILD | ADULT | OLDER_ADULT,Duration of Response (DOR),False,2020,True
NCT40000196,A Study of Allogeneic CAR-T (off-the-shelf) in Patients with Pediatric ALL,RECRUITING,N/A,2020-03-03,2021-10-24,2021-07-16,37,ESTIMATED,Pediatric ALL,Allogeneic CAR-T (off-the-shelf),BIOLOGICAL,National Cancer Institute,NIH,United States,2,99,ALL,CHILD | ADULT | OLDER_ADULT,Overall Response Rate (ORR),False,2020,True
NCT40000072,A Study of Ciltacabtagene autoleucel (Carvykti) in Patients with Diffuse Large B-Cell Lymphoma,RECRUITING,Phase 1 | Phase 2,2020-03-08,2021-07-01,2021-04-12,49,ACTUAL,Diffuse Large B-Cell Lymphoma,Ciltacabtagene autoleucel (Carvykti),BIOLOGICAL,Janssen / Johnson & Johnson,INDUSTRY,Canada,2,85,ALL,CHILD | ADULT,Cytokine Release Syndrome Incidence,False,2020,True
NCT40000275,A Study of Ciltacabtagene autoleucel (Carvykti) in Patients with Relapsed/Refractory B-cell Lymphoma,TERMINATED,Phase 1 | Phase 2,2020-03-17,2023-10-28,2023-03-22,66,ACTUAL,Relapsed/Refractory B-cell Lymphoma,Ciltacabtagene autoleucel (Carvykti),BIOLOGICAL,Novartis,INDUSTRY,China,18,99,ALL,ADULT,Duration of Response (DOR),False,2020,False
NCT40000352,A Study of Investigational Mesothelin CAR-T in Patients with Acute Myeloid Leukemia,COMPLETED,Phase 1,2020-03-28,2022-08-15,2022-03-23,30,ESTIMATED,Acute Myeloid Leukemia,Investigational Mesothelin CAR-T,BIOLOGICAL,Bristol Myers Squibb,INDUSTRY,China,2,99,ALL,CHILD | ADULT | OLDER_ADULT,Progression-Free Survival (PFS),True,2020,True
NCT40000174,A Study of Axicabtagene ciloleucel (Yescarta) in Patients with Diffuse Large B-Cell Lymphoma,COMPLETED,Phase 2,2020-04-01,2021-12-22,2021-09-08,205,ESTIMATED,Diffuse Large B-Cell Lymphoma,Axicabtagene ciloleucel (Yescarta),BIOLOGICAL,Bristol Myers Squibb,INDUSTRY,United Kingdom,2,80,ALL,CHILD | ADULT | OLDER_ADULT,Duration of Response (DOR),True,2020,True
NCT40000004,A Study of Tisagenlecleucel (Kymriah) in Patients with Acute Myeloid Leukemia,WITHDRAWN,Phase 1,2020-04-21,2024-01-31,2023-06-15,13,ACTUAL,Acute Myeloid Leukemia,Tisagenlecleucel (Kymriah),BIOLOGICAL,Chinese PLA General Hospital,OTHER,United States,2,99,ALL,CHILD | ADULT,Safety and Tolerability,False,2020,True
NCT40000058,A Study of Investigational Mesothelin CAR-T in Patients with B-cell Non-Hodgkin Lymphoma,WITHDRAWN,Phase 2,2020-04-24,2024-12-29,2024-03-19,89,ACTUAL,B-cell Non-Hodgkin Lymphoma,Investigational Mesothelin CAR-T,BIOLOGICAL,Novartis,INDUSTRY,France,2,99,FEMALE,CHILD | ADULT,Safety and Tolerability,False,2020,True
NCT40000422,A Study of Investigational GD2 CAR-T in Patients with Follicular Lymphoma,NOT_YET_RECRUITING,Phase 1,2020-05-02,2026-01-01,2025-01-21,43,ESTIMATED,Follicular Lymphoma,Investigational GD2 CAR-T,BIOLOGICAL,Peking University,OTHER,Australia,2,75,ALL,CHILD | ADULT | OLDER_ADULT,Complete Response Rate (CRR),False,2020,True
NCT40000289,A Study of Investigational CD19 CAR-T in Patients with Solid Tumor - Lung Cancer,NOT_YET_RECRUITING,Phase 1,2020-05-13,2021-11-04,2021-08-06,14,ACTUAL,Solid Tumor - Lung Cancer,Investigational CD19 CAR-T,BIOLOGICAL,National Cancer Institute,NIH,United States,18,75,MALE,ADULT | OLDER_ADULT,Overall Survival (OS),False,2020,False
NCT40000147,A Study of Axicabtagene ciloleucel (Yescarta) in Patients with Acute Myeloid Leukemia,RECRUITING,Phase 2,2020-06-03,2025-01-08,2024-04-03,172,ACTUAL,Acute Myeloid Leukemia,Axicabtagene ciloleucel (Yescarta),BIOLOGICAL,Memorial Sloan Kettering,OTHER,Israel,18,80,ALL,ADULT | OLDER_ADULT,Maximum Tolerated Dose (MTD),False,2020,False
NCT40000374,A Study of Lisocabtagene maraleucel (Breyanzi) in Patients with Multiple Myeloma,RECRUITING,Phase 1 | Phase 2,2020-06-17,2025-02-21,2024-05-12,39,ESTIMATED,Multiple Myeloma,Lisocabtagene maraleucel (Breyanzi),BIOLOGICAL,MD Anderson Cancer Center,OTHER,China,18,80,ALL,ADULT,Overall Response Rate (ORR),False,2020,False
NCT40000097,A Study of Investigational Mesothelin CAR-T in Patients with B-cell Non-Hodgkin Lymphoma,ACTIVE_NOT_RECRUITING,Phase 3,2020-07-03,2021-10-26,2021-08-07,344,ESTIMATED,B-cell Non-Hodgkin Lymphoma,Investigational Mesothelin CAR-T,BIOLOGICAL,Peking University,OTHER,United States,2,80,ALL,CHILD | ADULT,Duration of Response (DOR),False,2020,True
NCT40000460,A Study of Investigational CD33 CAR-T in Patients with Multiple Myeloma,COMPLETED,Phase 2,2020-07-04,2022-11-21,2022-06-29,272,ACTUAL,Multiple Myeloma,Investigational CD33 CAR-T,BIOLOGICAL,Memorial Sloan Kettering,OTHER,Japan,2,80,ALL,CHILD | ADULT,Progression-Free Survival (PFS),True,2020,True
NCT40000127,A Study of Investigational Mesothelin CAR-T in Patients with T-cell Lymphoma,RECRUITING,Phase 3,2020-07-08,2023-10-21,2023-04-04,510,ACTUAL,T-cell Lymphoma,Investigational Mesothelin CAR-T,BIOLOGICAL,Gracell Biotechnologies,INDUSTRY,United States,2,85,ALL,CHILD | ADULT | OLDER_ADULT,Duration of Response (DOR),False,2020,True
NCT40000142,A Study of Axicabtagene ciloleucel (Yescarta) in Patients with Mantle Cell Lymphoma,COMPLETED,Phase 1 | Phase 2,2020-07-09,2023-10-22,2023-04-05,98,ESTIMATED,Mantle Cell Lymphoma,Axicabtagene ciloleucel (Yescarta),BIOLOGICAL,University of Toronto,OTHER,South Korea,18,75,FEMALE,ADULT | OLDER_ADULT,Overall Survival (OS),False,2020,False
NCT40000398,A Study of Brexucabtagene autoleucel (Tecartus) in Patients with Follicular Lymphoma,WITHDRAWN,Phase 1,2020-07-14,2026-04-14,2025-04-29,35,ACTUAL,Follicular Lymphoma,Brexucabtagene autoleucel (Tecartus),BIOLOGICAL,Kite Pharma / Gilead,INDUSTRY,China,2,75,ALL,CHILD | ADULT,Duration of Response (DOR),False,2020,True
NCT40000053,A Study of Ciltacabtagene autoleucel (Carvykti) in Patients with Solid Tumor - Mesothelioma,COMPLETED,Phase 3,2020-07-19,2021-08-13,2021-06-09,752,ACTUAL,Solid Tumor - Mesothelioma,Ciltacabtagene autoleucel (Carvykti),BIOLOGICAL,Chinese PLA General Hospital,OTHER,United States,2,85,FEMALE,CHILD | ADULT,Complete Response Rate (CRR),False,2020,True
NCT40000034,A Study of Lisocabtagene maraleucel (Breyanzi) in Patients with Solid Tumor - Mesothelioma,TERMINATED,Phase 1,2020-07-22,2022-09-10,2022-05-03,18,ESTIMATED,Solid Tumor - Mesothelioma,Lisocabtagene maraleucel (Breyanzi),BIOLOGICAL,Fred Hutchinson Cancer Center,OTHER,United States,2,99,ALL,CHILD | ADULT | OLDER_ADULT,Safety and Tolerability,False,2020,True
NCT40000483,A Study of Axicabtagene ciloleucel (Yescarta) in Patients with Acute Myeloid Leukemia,RECRUITING,Phase 1,2020-07-26,2021-08-20,2021-06-16,27,ACTUAL,Acute Myeloid Leukemia,Axicabtagene ciloleucel (Yescarta),BIOLOGICAL,Fred Hutchinson Cancer Center,OTHER,China,2,80,ALL,CHILD | ADULT,Overall Survival (OS),False,2020,True
NCT40000415,A Study of Lisocabtagene maraleucel (Breyanzi) in Patients with Chronic Lymphocytic Leukemia,RECRUITING,Phase 2,2020-07-30,2026-05-30,2025-06-09,203,ACTUAL,Chronic Lymphocytic Leukemia,Lisocabtagene maraleucel (Breyanzi),BIOLOGICAL,University of Pennsylvania,OTHER,United States,12,75,ALL,ADULT,Safety and Tolerability,False,2020,False
NCT40000296,A Study of Brexucabtagene autoleucel (Tecartus) in Patients with Pediatric ALL,ACTIVE_NOT_RECRUITING,Phase 1,2020-07-31,2024-04-11,2023-08-30,28,ACTUAL,Pediatric ALL,Brexucabtagene autoleucel (Tecartus),BIOLOGICAL,Janssen / Johnson & Johnson,INDUSTRY,United States,2,80,ALL,CHILD | ADULT,Complete Response Rate (CRR),False,2020,True
NCT40000198,A Study of Brexucabtagene autoleucel (Tecartus) in Patients with Solid Tumor - Neuroblastoma,NOT_YET_RECRUITING,Phase 1,2020-08-03,2021-09-27,2021-07-19,24,ACTUAL,Solid Tumor - Neuroblastoma,Brexucabtagene autoleucel (Tecartus),BIOLOGICAL,Novartis,INDUSTRY,United States,12,80,MALE,ADULT,Cytokine Release Syndrome Incidence,False,2020,False
NCT40000185,A Study of Investigational Dual-target CAR-T in Patients with Follicular Lymphoma,COMPLETED,Phase 1,2020-08-05,2022-01-27,2021-10-29,49,ACTUAL,Follicular Lymphoma,Investigational Dual-target CAR-T,BIOLOGICAL,Kite Pharma / Gilead,INDUSTRY,China,2,75,ALL,CHILD | ADULT | OLDER_ADULT,Cytokine Release Syndrome Incidence,True,2020,True
NCT40000018,A Study of Idecabtagene vicleucel (Abecma) in Patients with Relapsed/Refractory B-cell Lymphoma,TERMINATED,N/A,2020-08-10,2025-10-13,2024-12-02,31,ACTUAL,Relapsed/Refractory B-cell Lymphoma,Idecabtagene vicleucel (Abecma),BIOLOGICAL,Bristol Myers Squibb,INDUSTRY,United States,2,80,MALE,CHILD | ADULT | OLDER_ADULT,Complete Response Rate (CRR),False,2020,True
NCT40000085,A Study of Investigational CD33 CAR-T in Patients with Chronic Lymphocytic Leukemia,ACTIVE_NOT_RECRUITING,Phase 1,2020-08-10,2025-04-16,2024-07-05,30,ESTIMATED,Chronic Lymphocytic Leukemia,Investigational CD33 CAR-T,BIOLOGICAL,Janssen / Johnson & Johnson,INDUSTRY,China,12,80,FEMALE,ADULT,Overall Response Rate (ORR),False,2020,False
NCT40000326,A Study of Idecabtagene vicleucel (Abecma) in Patients with Acute Myeloid Leukemia,RECRUITING,Phase 1,2020-08-23,2024-09-01,2023-12-31,41,ESTIMATED,Acute Myeloid Leukemia,Idecabtagene vicleucel (Abecma),BIOLOGICAL,National Cancer Institute,NIH,United States,2,85,MALE,CHILD | ADULT | OLDER_ADULT,Progression-Free Survival (PFS),False,2020,True
NCT40000062,A Study of Allogeneic CAR-T (off-the-shelf) in Patients with Chronic Lymphocytic Leukemia,COMPLETED,Phase 1,2020-09-05,2025-01-12,2024-04-22,37,ESTIMATED,Chronic Lymphocytic Leukemia,Allogeneic CAR-T (off-the-shelf),BIOLOGICAL,National Cancer Institute,NIH,Canada,18,75,MALE,ADULT | OLDER_ADULT,Overall Survival (OS),True,2020,False
NCT40000494,A Study of Investigational CD33 CAR-T in Patients with Follicular Lymphoma,RECRUITING,Phase 2,2020-09-09,2022-05-02,2022-01-22,178,ESTIMATED,Follicular Lymphoma,Investigational CD33 CAR-T,BIOLOGICAL,Janssen / Johnson & Johnson,INDUSTRY,United States,2,99,ALL,CHILD | ADULT,Progression-Free Survival (PFS),False,2020,True
NCT40000348,A Study of Ciltacabtagene autoleucel (Carvykti) in Patients with Multiple Myeloma,ACTIVE_NOT_RECRUITING,Phase 1,2020-10-12,2023-06-29,2023-01-15,21,ACTUAL,Multiple Myeloma,Ciltacabtagene autoleucel (Carvykti),BIOLOGICAL,Kite Pharma / Gilead,INDUSTRY,United States,2,75,MALE,CHILD | ADULT | OLDER_ADULT,Complete Response Rate (CRR),False,2020,True
NCT40000444,A Study of Investigational CD22 CAR-T in Patients with T-cell Lymphoma,COMPLETED,Phase 2,2020-10-20,2024-07-31,2023-12-14,108,ESTIMATED,T-cell Lymphoma,Investigational CD22 CAR-T,BIOLOGICAL,University of Pennsylvania,OTHER,China,2,99,MALE,CHILD | ADULT,Duration of Response (DOR),True,2020,True
NCT40000114,A Study of Brexucabtagene autoleucel (Tecartus) in Patients with Acute Lymphoblastic Leukemia,RECRUITING,N/A,2020-10-25,2022-12-14,2022-08-06,11,ACTUAL,Acute Lymphoblastic Leukemia,Brexucabtagene autoleucel (Tecartus),BIOLOGICAL,MD Anderson Cancer Center,OTHER,United States,18,85,MALE,ADULT | OLDER_ADULT,Safety and Tolerability,False,2020,False
NCT40000014,A Study of Axicabtagene ciloleucel (Yescarta) in Patients with Follicular Lymphoma,RECRUITING,Phase 1,2020-11-25,2026-02-27,2025-04-13,10,ACTUAL,Follicular Lymphoma,Axicabtagene ciloleucel (Yescarta),BIOLOGICAL,University of Toronto,OTHER,United States,6,80,MALE,ADULT,Maximum Tolerated Dose (MTD),False,2020,False
NCT40000216,A Study of Investigational CD33 CAR-T in Patients with T-cell Lymphoma,TERMINATED,Phase 1,2020-12-10,2022-01-04,2021-10-31,6,ACTUAL,T-cell Lymphoma,Investigational CD33 CAR-T,BIOLOGICAL,University of Pennsylvania,OTHER,Australia,2,99,MALE,CHILD | ADULT | OLDER_ADULT,Overall Response Rate (ORR),False,2020,True
NCT40000458,A Study of Brexucabtagene autoleucel (Tecartus) in Patients with T-cell Lymphoma,RECRUITING,Phase 2,2020-12-10,2023-01-29,2022-09-21,131,ESTIMATED,T-cell Lymphoma,Brexucabtagene autoleucel (Tecartus),BIOLOGICAL,Bristol Myers Squibb,INDUSTRY,United States,6,85,MALE,ADULT,Overall Survival (OS),False,2020,False
NCT40000354,A Study of Investigational GD2 CAR-T in Patients with Acute Myeloid Leukemia,TERMINATED,Phase 1,2020-12-12,2022-07-05,2022-04-01,32,ACTUAL,Acute Myeloid Leukemia,Investigational GD2 CAR-T,BIOLOGICAL,MD Anderson Cancer Center,OTHER,China,12,75,ALL,ADULT | OLDER_ADULT,Safety and Tolerability,False,2020,False
NCT40000465,A Study of Idecabtagene vicleucel (Abecma) in Patients with Pediatric ALL,COMPLETED,Phase 2,2021-01-08,2026-11-08,2025-11-18,277,ESTIMATED,Pediatric ALL,Idecabtagene vicleucel (Abecma),BIOLOGICAL,Fred Hutchinson Cancer Center,OTHER,United States,2,75,ALL,ADULT,Overall Response Rate (ORR),False,2021,True
NCT40000248,A Study of Investigational BCMA CAR-T in Patients with Multiple Myeloma,RECRUITING,Phase 1 | Phase 2,2021-01-11,2024-02-25,2023-08-19,76,ACTUAL,Multiple Myeloma,Investigational BCMA CAR-T,BIOLOGICAL,Janssen / Johnson & Johnson,INDUSTRY,China,2,99,FEMALE,CHILD | ADULT | OLDER_ADULT,Complete Response Rate (CRR),False,2021,True
NCT40000187,A Study of Lisocabtagene maraleucel (Breyanzi) in Patients with Chronic Lymphocytic Leukemia,ACTIVE_NOT_RECRUITING,Phase 1,2021-02-10,2023-01-01,2022-09-08,24,ESTIMATED,Chronic Lymphocytic Leukemia,Lisocabtagene maraleucel (Breyanzi),BIOLOGICAL,University of Toronto,OTHER,China,18,75,ALL,ADULT,Complete Response Rate (CRR),False,2021,False
NCT40000150,A Study of Investigational CD19 CAR-T in Patients with Solid Tumor - Neuroblastoma,COMPLETED,Phase 2,2021-02-16,2025-09-23,2024-12-17,177,ESTIMATED,Solid Tumor - Neuroblastoma,Investigational CD19 CAR-T,BIOLOGICAL,National Cancer Institute,NIH,United States,2,85,FEMALE,CHILD | ADULT,Complete Response Rate (CRR),False,2021,True
NCT40000358,A Study of Tisagenlecleucel (Kymriah) in Patients with B-cell Non-Hodgkin Lymphoma,NOT_YET_RECRUITING,Phase 1,2021-03-07,2024-06-19,2023-12-02,26,ESTIMATED,B-cell Non-Hodgkin Lymphoma,Tisagenlecleucel (Kymriah),BIOLOGICAL,National Cancer Institute,NIH,United States,2,75,MALE,CHILD | ADULT | OLDER_ADULT,Overall Response Rate (ORR),False,2021,True
NCT40000217,A Study of Investigational CD22 CAR-T in Patients with Solid Tumor - Neuroblastoma,COMPLETED,Phase 2,2021-04-07,2026-07-10,2025-08-24,228,ACTUAL,Solid Tumor - Neuroblastoma,Investigational CD22 CAR-T,BIOLOGICAL,Legend Biotech,INDUSTRY,United States,2,99,MALE,CHILD | ADULT,Complete Response Rate (CRR),False,2021,True
NCT40000295,A Study of Investigational BCMA CAR-T in Patients with Relapsed/Refractory B-cell Lymphoma,COMPLETED,Phase 1,2021-04-08,2023-11-24,2023-06-17,30,ACTUAL,Relapsed/Refractory B-cell Lymphoma,Investigational BCMA CAR-T,BIOLOGICAL,Peking University,OTHER,United Kingdom,2,85,FEMALE,CHILD | ADULT,Overall Response Rate (ORR),False,2021,True
NCT40000188,A Study of Brexucabtagene autoleucel (Tecartus) in Patients with Mantle Cell Lymphoma,RECRUITING,Phase 1,2021-04-23,2024-09-04,2024-02-12,23,ACTUAL,Mantle Cell Lymphoma,Brexucabtagene autoleucel (Tecartus),BIOLOGICAL,National Cancer Institute,NIH,United States,2,80,MALE,CHILD | ADULT | OLDER_ADULT,Duration of Response (DOR),False,2021,True
NCT40000024,A Study of Axicabtagene ciloleucel (Yescarta) in Patients with Diffuse Large B-Cell Lymphoma,RECRUITING,Phase 1,2021-05-23,2022-10-15,2022-07-22,17,ACTUAL,Diffuse Large B-Cell Lymphoma,Axicabtagene ciloleucel (Yescarta),BIOLOGICAL,MD Anderson Cancer Center,OTHER,United States,18,75,FEMALE,ADULT | OLDER_ADULT,Cytokine Release Syndrome Incidence,False,2021,False
NCT40000276,A Study of Lisocabtagene maraleucel (Breyanzi) in Patients with Mantle Cell Lymphoma,TERMINATED,Phase 1 | Phase 2,2021-05-31,2022-05-26,2022-03-27,25,ACTUAL,Mantle Cell Lymphoma,Lisocabtagene maraleucel (Breyanzi),BIOLOGICAL,Peking University,OTHER,United States,18,80,ALL,ADULT,Maximum Tolerated Dose (MTD),False,2021,False
NCT40000175,A Study of Lisocabtagene maraleucel (Breyanzi) in Patients with Chronic Lymphocytic Leukemia,ACTIVE_NOT_RECRUITING,Phase 1 | Phase 2,2021-06-07,2025-03-18,2024-07-31,82,ESTIMATED,Chronic Lymphocytic Leukemia,Lisocabtagene maraleucel (Breyanzi),BIOLOGICAL,MD Anderson Cancer Center,OTHER,China,2,85,ALL,CHILD | ADULT,Overall Response Rate (ORR),False,2021,True
NCT40000125,A Study of Investigational GD2 CAR-T in Patients with Multiple Myeloma,TERMINATED,N/A,2021-06-09,2023-05-30,2023-01-30,27,ACTUAL,Multiple Myeloma,Investigational GD2 CAR-T,BIOLOGICAL,Novartis,INDUSTRY,United Kingdom,18,80,MALE,ADULT,Complete Response Rate (CRR),False,2021,False
NCT40000037,A Study of Investigational CD33 CAR-T in Patients with Chronic Lymphocytic Leukemia,TERMINATED,Phase 1,2021-06-21,2023-01-12,2022-10-09,30,ESTIMATED,Chronic Lymphocytic Leukemia,Investigational CD33 CAR-T,BIOLOGICAL,Gracell Biotechnologies,INDUSTRY,Germany,2,80,ALL,CHILD | ADULT | OLDER_ADULT,Overall Response Rate (ORR),False,2021,True
NCT40000349,A Study of Tisagenlecleucel (Kymriah) in Patients with Solid Tumor - Lung Cancer,ACTIVE_NOT_RECRUITING,Phase 1,2021-06-23,2022-10-16,2022-07-28,12,ESTIMATED,Solid Tumor - Lung Cancer,Tisagenlecleucel (Kymriah),BIOLOGICAL,MD Anderson Cancer Center,OTHER,United States,18,80,FEMALE,ADULT | OLDER_ADULT,Safety and Tolerability,False,2021,False
NCT40000373,A Study of Investigational BCMA CAR-T in Patients with Multiple Myeloma,WITHDRAWN,Phase 1,2021-07-11,2023-02-01,2022-10-29,30,ESTIMATED,Multiple Myeloma,Investigational BCMA CAR-T,BIOLOGICAL,University of Pennsylvania,OTHER,United States,18,99,ALL,ADULT | OLDER_ADULT,Safety and Tolerability,False,2021,False
NCT40000323,A Study of Idecabtagene vicleucel (Abecma) in Patients with Solid Tumor - Lung Cancer,WITHDRAWN,Phase 1,2021-07-23,2026-08-26,2025-10-20,16,ESTIMATED,Solid Tumor - Lung Cancer,Idecabtagene vicleucel (Abecma),BIOLOGICAL,Poseida Therapeutics,INDUSTRY,United States,2,75,FEMALE,CHILD | ADULT,Cytokine Release Syndrome Incidence,False,2021,True
NCT40000144,A Study of Tisagenlecleucel (Kymriah) in Patients with Acute Lymphoblastic Leukemia,RECRUITING,Phase 1 | Phase 2,2021-07-23,2025-07-02,2024-11-04,50,ESTIMATED,Acute Lymphoblastic Leukemia,Tisagenlecleucel (Kymriah),BIOLOGICAL,Chinese PLA General Hospital,OTHER,France,18,85,FEMALE,ADULT,Overall Response Rate (ORR),False,2021,False
NCT40000139,A Study of Investigational Dual-target CAR-T in Patients with B-cell Non-Hodgkin Lymphoma,ACTIVE_NOT_RECRUITING,Phase 2,2021-07-28,2026-12-29,2026-02-02,81,ACTUAL,B-cell Non-Hodgkin Lymphoma,Investigational Dual-target CAR-T,BIOLOGICAL,Chinese PLA General Hospital,OTHER,Canada,18,75,ALL,ADULT,Safety and Tolerability,False,2021,False
NCT40000404,A Study of Investigational CD33 CAR-T in Patients with Multiple Myeloma,NOT_YET_RECRUITING,Phase 3,2021-08-03,2024-08-17,2024-02-14,777,ESTIMATED,Multiple Myeloma,Investigational CD33 CAR-T,BIOLOGICAL,Kite Pharma / Gilead,INDUSTRY,United States,2,75,ALL,CHILD | ADULT,Complete Response Rate (CRR),False,2021,True
NCT40000417,A Study of Investigational Dual-target CAR-T in Patients with B-cell Non-Hodgkin Lymphoma,COMPLETED,Phase 1,2021-08-15,2024-02-01,2023-09-04,18,ACTUAL,B-cell Non-Hodgkin Lymphoma,Investigational Dual-target CAR-T,BIOLOGICAL,National Cancer Institute,NIH,Australia,18,80,ALL,ADULT | OLDER_ADULT,Overall Response Rate (ORR),False,2021,False
NCT40000429,A Study of Investigational Mesothelin CAR-T in Patients with T-cell Lymphoma,RECRUITING,Phase 1,2021-08-16,2024-12-28,2024-06-06,26,ACTUAL,T-cell Lymphoma,Investigational Mesothelin CAR-T,BIOLOGICAL,Peking University,OTHER,United States,2,75,ALL,CHILD | ADULT | OLDER_ADULT,Overall Survival (OS),False,2021,True
NCT40000342,A Study of Investigational Mesothelin CAR-T in Patients with Diffuse Large B-Cell Lymphoma,ACTIVE_NOT_RECRUITING,Phase 1,2021-09-02,2025-10-11,2025-02-03,39,ESTIMATED,Diffuse Large B-Cell Lymphoma,Investigational Mesothelin CAR-T,BIOLOGICAL,Legend Biotech,INDUSTRY,Japan,2,85,ALL,CHILD | ADULT | OLDER_ADULT,Progression-Free Survival (PFS),False,2021,True
NCT40000445,A Study of Investigational CD19 CAR-T in Patients with Mantle Cell Lymphoma,COMPLETED,Phase 1,2021-09-27,2026-12-30,2026-02-13,14,ESTIMATED,Mantle Cell Lymphoma,Investigational CD19 CAR-T,BIOLOGICAL,Bristol Myers Squibb,INDUSTRY,United States,18,85,ALL,ADULT,Overall Response Rate (ORR),False,2021,False
NCT40000428,A Study of Investigational CD19 CAR-T in Patients with Follicular Lymphoma,COMPLETED,Phase 1,2021-10-16,2026-12-19,2026-02-07,33,ESTIMATED,Follicular Lymphoma,Investigational CD19 CAR-T,BIOLOGICAL,Peking University,OTHER,United States,12,75,MALE,ADULT | OLDER_ADULT,Cytokine Release Syndrome Incidence,False,2021,False
NCT40000294,A Study of Ciltacabtagene autoleucel (Carvykti) in Patients with Chronic Lymphocytic Leukemia,COMPLETED,Phase 1,2021-10-17,2024-01-05,2023-08-23,46,ESTIMATED,Chronic Lymphocytic Leukemia,Ciltacabtagene autoleucel (Carvykti),BIOLOGICAL,Bristol Myers Squibb,INDUSTRY,France,6,75,FEMALE,ADULT | OLDER_ADULT,Duration of Response (DOR),False,2021,False
NCT40000218,A Study of Tisagenlecleucel (Kymriah) in Patients with Relapsed/Refractory B-cell Lymphoma,ACTIVE_NOT_RECRUITING,Phase 1,2021-10-22,2024-02-09,2023-09-22,28,ACTUAL,Relapsed/Refractory B-cell Lymphoma,Tisagenlecleucel (Kymriah),BIOLOGICAL,Bristol Myers Squibb,INDUSTRY,France,18,99,ALL,ADULT | OLDER_ADULT,Duration of Response (DOR),False,2021,False
NCT40000442,A Study of Idecabtagene vicleucel (Abecma) in Patients with Solid Tumor - Neuroblastoma,COMPLETED,Phase 1,2021-10-25,2026-12-31,2026-04-07,16,ESTIMATED,Solid Tumor - Neuroblastoma,Idecabtagene vicleucel (Abecma),BIOLOGICAL,Legend Biotech,INDUSTRY,United States,18,75,FEMALE,ADULT | OLDER_ADULT,Duration of Response (DOR),False,2021,False
NCT40000282,A Study of Investigational Mesothelin CAR-T in Patients with Solid Tumor - Neuroblastoma,COMPLETED,Phase 1,2021-11-19,2024-02-07,2023-09-25,32,ACTUAL,Solid Tumor - Neuroblastoma,Investigational Mesothelin CAR-T,BIOLOGICAL,Fred Hutchinson Cancer Center,OTHER,United States,12,75,ALL,ADULT,Safety and Tolerability,False,2021,False
NCT40000364,A Study of Investigational Dual-target CAR-T in Patients with Pediatric ALL,TERMINATED,Phase 1,2021-11-23,2026-09-28,2025-12-07,9,ESTIMATED,Pediatric ALL,Investigational Dual-target CAR-T,BIOLOGICAL,Memorial Sloan Kettering,OTHER,United States,2,99,ALL,CHILD | ADULT | OLDER_ADULT,Progression-Free Survival (PFS),False,2021,True
NCT40000264,A Study of Investigational GD2 CAR-T in Patients with Solid Tumor - Lung Cancer,COMPLETED,Phase 1 | Phase 2,2021-11-24,2025-11-03,2025-03-08,21,ESTIMATED,Solid Tumor - Lung Cancer,Investigational GD2 CAR-T,BIOLOGICAL,Peking University,OTHER,United States,6,80,ALL,ADULT | OLDER_ADULT,Duration of Response (DOR),False,2021,False
NCT40000448,A Study of Ciltacabtagene autoleucel (Carvykti) in Patients with Acute Lymphoblastic Leukemia,COMPLETED,Phase 2,2021-12-06,2026-12-31,2026-03-30,118,ACTUAL,Acute Lymphoblastic Leukemia,Ciltacabtagene autoleucel (Carvykti),BIOLOGICAL,Poseida Therapeutics,INDUSTRY,United States,2,99,ALL,CHILD | ADULT,Complete Response Rate (CRR),False,2021,True
NCT40000057,A Study of Investigational Mesothelin CAR-T in Patients with T-cell Lymphoma,TERMINATED,Phase 3,2021-12-13,2025-02-25,2024-08-14,579,ACTUAL,T-cell Lymphoma,Investigational Mesothelin CAR-T,BIOLOGICAL,MD Anderson Cancer Center,OTHER,China,18,85,ALL,ADULT,Cytokine Release Syndrome Incidence,False,2021,False
NCT40000210,A Study of Investigational CD22 CAR-T in Patients with Acute Myeloid Leukemia,ACTIVE_NOT_RECRUITING,Phase 2,2021-12-20,2026-04-28,2025-08-06,141,ESTIMATED,Acute Myeloid Leukemia,Investigational CD22 CAR-T,BIOLOGICAL,Peking University,OTHER,China,2,85,ALL,CHILD | ADULT | OLDER_ADULT,Duration of Response (DOR),False,2021,True
NCT40000368,A Study of Investigational GD2 CAR-T in Patients with Acute Myeloid Leukemia,WITHDRAWN,Phase 1 | Phase 2,2021-12-22,2024-06-09,2024-01-11,74,ACTUAL,Acute Myeloid Leukemia,Investigational GD2 CAR-T,BIOLOGICAL,Memorial Sloan Kettering,OTHER,Australia,2,75,FEMALE,CHILD | ADULT | OLDER_ADULT,Overall Response Rate (ORR),False,2021,True
NCT40000066,A Study of Ciltacabtagene autoleucel (Carvykti) in Patients with Follicular Lymphoma,COMPLETED,Phase 1 | Phase 2,2021-12-24,2023-08-16,2023-05-08,55,ACTUAL,Follicular Lymphoma,Ciltacabtagene autoleucel (Carvykti),BIOLOGICAL,Gracell Biotechnologies,INDUSTRY,United States,2,75,ALL,CHILD | ADULT,Safety and Tolerability,False,2021,True
NCT40000195,A Study of Investigational CD33 CAR-T in Patients with Acute Lymphoblastic Leukemia,TERMINATED,Phase 2,2022-01-14,2023-10-06,2023-06-23,92,ACTUAL,Acute Lymphoblastic Leukemia,Investigational CD33 CAR-T,BIOLOGICAL,Kite Pharma / Gilead,INDUSTRY,Germany,18,99,MALE,ADULT | OLDER_ADULT,Overall Survival (OS),False,2022,False
NCT40000027,A Study of Axicabtagene ciloleucel (Yescarta) in Patients with B-cell Non-Hodgkin Lymphoma,WITHDRAWN,Phase 3,2022-01-22,2024-02-11,2023-10-09,718,ESTIMATED,B-cell Non-Hodgkin Lymphoma,Axicabtagene ciloleucel (Yescarta),BIOLOGICAL,MD Anderson Cancer Center,OTHER,United States,18,80,MALE,ADULT,Complete Response Rate (CRR),False,2022,False
NCT40000498,A Study of Investigational BCMA CAR-T in Patients with Solid Tumor - Lung Cancer,COMPLETED,Phase 1 | Phase 2,2022-01-24,2025-02-07,2024-08-06,25,ACTUAL,Solid Tumor - Lung Cancer,Investigational BCMA CAR-T,BIOLOGICAL,University of Toronto,OTHER,United Kingdom,6,99,ALL,ADULT | OLDER_ADULT,Overall Survival (OS),False,2022,False
NCT40000015,A Study of Investigational CD22 CAR-T in Patients with Multiple Myeloma,COMPLETED,Phase 2,2022-02-04,2026-12-31,2026-03-15,236,ESTIMATED,Multiple Myeloma,Investigational CD22 CAR-T,BIOLOGICAL,Legend Biotech,INDUSTRY,United States,2,80,MALE,CHILD | ADULT | OLDER_ADULT,Cytokine Release Syndrome Incidence,False,2022,True
NCT40000199,A Study of Brexucabtagene autoleucel (Tecartus) in Patients with Chronic Lymphocytic Leukemia,RECRUITING,Phase 3,2022-02-04,2023-09-27,2023-06-19,556,ACTUAL,Chronic Lymphocytic Leukemia,Brexucabtagene autoleucel (Tecartus),BIOLOGICAL,National Cancer Institute,NIH,United States,2,75,FEMALE,CHILD | ADULT | OLDER_ADULT,Cytokine Release Syndrome Incidence,False,2022,True
NCT40000096,A Study of Brexucabtagene autoleucel (Tecartus) in Patients with Solid Tumor - Neuroblastoma,WITHDRAWN,Phase 1,2022-02-05,2026-12-31,2026-10-02,29,ACTUAL,Solid Tumor - Neuroblastoma,Brexucabtagene autoleucel (Tecartus),BIOLOGICAL,Poseida Therapeutics,INDUSTRY,United States,6,85,ALL,ADULT | OLDER_ADULT,Safety and Tolerability,False,2022,False
NCT40000135,A Study of Lisocabtagene maraleucel (Breyanzi) in Patients with Multiple Myeloma,RECRUITING,Phase 1 | Phase 2,2022-02-08,2026-12-31,2026-07-22,87,ACTUAL,Multiple Myeloma,Lisocabtagene maraleucel (Breyanzi),BIOLOGICAL,Novartis,INDUSTRY,China,18,85,ALL,ADULT,Cytokine Release Syndrome Incidence,False,2022,False
NCT40000074,A Study of Investigational BCMA CAR-T in Patients with Solid Tumor - Neuroblastoma,RECRUITING,Phase 2,2022-02-10,2025-08-23,2025-01-20,162,ACTUAL,Solid Tumor - Neuroblastoma,Investigational BCMA CAR-T,BIOLOGICAL,Legend Biotech,INDUSTRY,China,2,75,FEMALE,CHILD | ADULT,Cytokine Release Syndrome Incidence,False,2022,True
NCT40000101,A Study of Idecabtagene vicleucel (Abecma) in Patients with Relapsed/Refractory B-cell Lymphoma,COMPLETED,Phase 2,2022-02-12,2025-03-28,2024-09-19,200,ESTIMATED,Relapsed/Refractory B-cell Lymphoma,Idecabtagene vicleucel (Abecma),BIOLOGICAL,Bristol Myers Squibb,INDUSTRY,China,2,80,FEMALE,CHILD | ADULT | OLDER_ADULT,Complete Response Rate (CRR),False,2022,True
NCT40000281,A Study of Lisocabtagene maraleucel (Breyanzi) in Patients with Diffuse Large B-Cell Lymphoma,COMPLETED,Phase 2,2022-02-23,2024-12-09,2024-06-22,212,ACTUAL,Diffuse Large B-Cell Lymphoma,Lisocabtagene maraleucel (Breyanzi),BIOLOGICAL,University of Toronto,OTHER,United States,18,85,FEMALE,ADULT,Cytokine Release Syndrome Incidence,False,2022,False
NCT40000376,A Study of Investigational CD22 CAR-T in Patients with Acute Lymphoblastic Leukemia,NOT_YET_RECRUITING,Phase 1,2022-03-07,2025-12-16,2025-04-30,31,ACTUAL,Acute Lymphoblastic Leukemia,Investigational CD22 CAR-T,BIOLOGICAL,Peking University,OTHER,China,18,85,MALE,ADULT | OLDER_ADULT,Overall Survival (OS),False,2022,False
NCT40000410,A Study of Investigational GD2 CAR-T in Patients with Follicular Lymphoma,RECRUITING,Phase 1,2022-03-13,2025-04-26,2024-10-18,22,ACTUAL,Follicular Lymphoma,Investigational GD2 CAR-T,BIOLOGICAL,University of Toronto,OTHER,Germany,2,80,ALL,CHILD | ADULT,Overall Response Rate (ORR),False,2022,True
NCT40000399,A Study of Tisagenlecleucel (Kymriah) in Patients with Solid Tumor - Neuroblastoma,RECRUITING,Phase 3,2022-03-18,2026-02-25,2025-06-30,378,ESTIMATED,Solid Tumor - Neuroblastoma,Tisagenlecleucel (Kymriah),BIOLOGICAL,Memorial Sloan Kettering,OTHER,Germany,2,99,ALL,CHILD | ADULT,Duration of Response (DOR),False,2022,True
NCT40000269,A Study of Brexucabtagene autoleucel (Tecartus) in Patients with Multiple Myeloma,COMPLETED,Phase 2,2022-04-03,2026-10-09,2026-01-07,94,ACTUAL,Multiple Myeloma,Brexucabtagene autoleucel (Tecartus),BIOLOGICAL,Poseida Therapeutics,INDUSTRY,China,2,99,MALE,CHILD | ADULT | OLDER_ADULT,Overall Response Rate (ORR),False,2022,True
NCT40000214,A Study of Investigational BCMA CAR-T in Patients with Multiple Myeloma,WITHDRAWN,Phase 1 | Phase 2,2022-04-05,2025-10-16,2025-03-15,43,ACTUAL,Multiple Myeloma,Investigational BCMA CAR-T,BIOLOGICAL,Fred Hutchinson Cancer Center,OTHER,United States,6,75,ALL,ADULT | OLDER_ADULT,Complete Response Rate (CRR),False,2022,False
NCT40000386,A Study of Tisagenlecleucel (Kymriah) in Patients with Diffuse Large B-Cell Lymphoma,TERMINATED,Phase 1,2022-04-13,2026-12-31,2027-03-18,11,ACTUAL,Diffuse Large B-Cell Lymphoma,Tisagenlecleucel (Kymriah),BIOLOGICAL,Kite Pharma / Gilead,INDUSTRY,United Kingdom,2,85,MALE,CHILD | ADULT | OLDER_ADULT,Duration of Response (DOR),False,2022,True
NCT40000388,A Study of Investigational Dual-target CAR-T in Patients with Solid Tumor - Mesothelioma,COMPLETED,Phase 2,2022-04-30,2023-08-23,2023-06-04,124,ESTIMATED,Solid Tumor - Mesothelioma,Investigational Dual-target CAR-T,BIOLOGICAL,MD Anderson Cancer Center,OTHER,France,2,75,ALL,CHILD | ADULT | OLDER_ADULT,Complete Response Rate (CRR),False,2022,True
NCT40000375,A Study of Investigational GD2 CAR-T in Patients with T-cell Lymphoma,ACTIVE_NOT_RECRUITING,Phase 3,2022-05-04,2025-02-17,2024-08-31,274,ACTUAL,T-cell Lymphoma,Investigational GD2 CAR-T,BIOLOGICAL,MD Anderson Cancer Center,OTHER,Germany,2,85,ALL,CHILD | ADULT | OLDER_ADULT,Progression-Free Survival (PFS),False,2022,True
NCT40000213,A Study of Idecabtagene vicleucel (Abecma) in Patients with Acute Myeloid Leukemia,RECRUITING,Phase 1,2022-05-08,2026-09-14,2025-12-23,49,ESTIMATED,Acute Myeloid Leukemia,Idecabtagene vicleucel (Abecma),BIOLOGICAL,Janssen / Johnson & Johnson,INDUSTRY,China,18,85,FEMALE,ADULT | OLDER_ADULT,Maximum Tolerated Dose (MTD),False,2022,False
NCT40000161,A Study of Investigational BCMA CAR-T in Patients with T-cell Lymphoma,ACTIVE_NOT_RECRUITING,Phase 1 | Phase 2,2022-05-14,2026-08-21,2025-12-04,95,ESTIMATED,T-cell Lymphoma,Investigational BCMA CAR-T,BIOLOGICAL,Memorial Sloan Kettering,OTHER,Israel,18,80,ALL,ADULT | OLDER_ADULT,Overall Response Rate (ORR),False,2022,False
NCT40000071,A Study of Ciltacabtagene autoleucel (Carvykti) in Patients with T-cell Lymphoma,COMPLETED,N/A,2022-05-19,2023-09-11,2023-06-23,15,ESTIMATED,T-cell Lymphoma,Ciltacabtagene autoleucel (Carvykti),BIOLOGICAL,Novartis,INDUSTRY,United States,18,99,ALL,ADULT | OLDER_ADULT,Maximum Tolerated Dose (MTD),False,2022,False
NCT40000277,A Study of Brexucabtagene autoleucel (Tecartus) in Patients with Chronic Lymphocytic Leukemia,RECRUITING,Phase 2,2022-05-27,2026-12-31,2026-09-18,283,ESTIMATED,Chronic Lymphocytic Leukemia,Brexucabtagene autoleucel (Tecartus),BIOLOGICAL,University of Toronto,OTHER,United States,12,80,ALL,ADULT | OLDER_ADULT,Overall Survival (OS),False,2022,False
NCT40000172,A Study of Investigational CD19 CAR-T in Patients with Diffuse Large B-Cell Lymphoma,RECRUITING,Phase 1,2022-05-30,2024-11-15,2024-06-18,10,ESTIMATED,Diffuse Large B-Cell Lymphoma,Investigational CD19 CAR-T,BIOLOGICAL,MD Anderson Cancer Center,OTHER,China,12,99,MALE,ADULT | OLDER_ADULT,Complete Response Rate (CRR),False,2022,False
NCT40000063,A Study of Investigational CD19 CAR-T in Patients with Solid Tumor - Neuroblastoma,RECRUITING,Phase 1,2022-06-01,2026-02-10,2025-06-30,28,ESTIMATED,Solid Tumor - Neuroblastoma,Investigational CD19 CAR-T,BIOLOGICAL,Janssen / Johnson & Johnson,INDUSTRY,China,2,99,ALL,CHILD | ADULT,Duration of Response (DOR),False,2022,True
NCT40000159,A Study of Investigational GD2 CAR-T in Patients with Multiple Myeloma,COMPLETED,Phase 1 | Phase 2,2022-06-05,2026-05-15,2025-09-17,67,ACTUAL,Multiple Myeloma,Investigational GD2 CAR-T,BIOLOGICAL,Janssen / Johnson & Johnson,INDUSTRY,China,12,80,FEMALE,ADULT,Complete Response Rate (CRR),False,2022,False
NCT40000044,A Study of Idecabtagene vicleucel (Abecma) in Patients with Multiple Myeloma,ACTIVE_NOT_RECRUITING,Phase 2,2022-07-03,2024-09-20,2024-05-08,284,ESTIMATED,Multiple Myeloma,Idecabtagene vicleucel (Abecma),BIOLOGICAL,Peking University,OTHER,United States,2,75,MALE,CHILD | ADULT | OLDER_ADULT,Progression-Free Survival (PFS),False,2022,True
NCT40000435,A Study of Allogeneic CAR-T (off-the-shelf) in Patients with Acute Myeloid Leukemia,NOT_YET_RECRUITING,Phase 3,2022-07-03,2026-12-31,2027-05-13,463,ACTUAL,Acute Myeloid Leukemia,Allogeneic CAR-T (off-the-shelf),BIOLOGICAL,Legend Biotech,INDUSTRY,United Kingdom,2,85,ALL,CHILD | ADULT,Cytokine Release Syndrome Incidence,False,2022,True
NCT40000069,A Study of Investigational GD2 CAR-T in Patients with Pediatric ALL,ACTIVE_NOT_RECRUITING,Phase 1 | Phase 2,2022-07-08,2026-12-31,2026-08-16,73,ESTIMATED,Pediatric ALL,Investigational GD2 CAR-T,BIOLOGICAL,Legend Biotech,INDUSTRY,United States,2,80,ALL,ADULT | OLDER_ADULT,Maximum Tolerated Dose (MTD),False,2022,True
NCT40000413,A Study of Investigational CD22 CAR-T in Patients with Solid Tumor - Mesothelioma,NOT_YET_RECRUITING,Phase 1 | Phase 2,2022-07-17,2026-05-27,2025-10-04,81,ESTIMATED,Solid Tumor - Mesothelioma,Investigational CD22 CAR-T,BIOLOGICAL,Memorial Sloan Kettering,OTHER,China,18,85,FEMALE,ADULT | OLDER_ADULT,Cytokine Release Syndrome Incidence,False,2022,False
NCT40000479,A Study of Investigational CD19 CAR-T in Patients with Relapsed/Refractory B-cell Lymphoma,COMPLETED,Phase 1 | Phase 2,2022-07-18,2024-07-07,2024-03-09,82,ACTUAL,Relapsed/Refractory B-cell Lymphoma,Investigational CD19 CAR-T,BIOLOGICAL,Poseida Therapeutics,INDUSTRY,China,12,80,ALL,ADULT | OLDER_ADULT,Overall Survival (OS),False,2022,False
NCT40000360,A Study of Brexucabtagene autoleucel (Tecartus) in Patients with Solid Tumor - Lung Cancer,ACTIVE_NOT_RECRUITING,Phase 1,2022-07-25,2026-12-31,2026-09-27,45,ESTIMATED,Solid Tumor - Lung Cancer,Brexucabtagene autoleucel (Tecartus),BIOLOGICAL,Kite Pharma / Gilead,INDUSTRY,China,2,99,ALL,CHILD | ADULT | OLDER_ADULT,Maximum Tolerated Dose (MTD),False,2022,True
NCT40000099,A Study of Tisagenlecleucel (Kymriah) in Patients with T-cell Lymphoma,WITHDRAWN,Phase 2,2022-08-05,2025-03-22,2024-10-13,284,ACTUAL,T-cell Lymphoma,Tisagenlecleucel (Kymriah),BIOLOGICAL,Janssen / Johnson & Johnson,INDUSTRY,France,6,80,FEMALE,ADULT,Maximum Tolerated Dose (MTD),False,2022,False
NCT40000302,A Study of Investigational GD2 CAR-T in Patients with T-cell Lymphoma,COMPLETED,Phase 1,2022-08-09,2026-12-31,2026-06-09,45,ACTUAL,T-cell Lymphoma,Investigational GD2 CAR-T,BIOLOGICAL,National Cancer Institute,NIH,Canada,18,80,ALL,ADULT | OLDER_ADULT,Cytokine Release Syndrome Incidence,False,2022,False
NCT40000206,A Study of Investigational Mesothelin CAR-T in Patients with Follicular Lymphoma,NOT_YET_RECRUITING,Phase 1,2022-08-13,2025-09-26,2025-03-20,32,ESTIMATED,Follicular Lymphoma,Investigational Mesothelin CAR-T,BIOLOGICAL,Legend Biotech,INDUSTRY,United States,2,80,ALL,CHILD | ADULT | OLDER_ADULT,Overall Survival (OS),False,2022,True
NCT40000304,A Study of Investigational CD33 CAR-T in Patients with Acute Myeloid Leukemia,RECRUITING,Phase 1,2022-09-07,2024-02-29,2023-12-01,37,ACTUAL,Acute Myeloid Leukemia,Investigational CD33 CAR-T,BIOLOGICAL,University of Toronto,OTHER,France,18,85,MALE,ADULT | OLDER_ADULT,Overall Survival (OS),False,2022,False
NCT40000070,A Study of Investigational BCMA CAR-T in Patients with Mantle Cell Lymphoma,NOT_YET_RECRUITING,Phase 1 | Phase 2,2022-10-03,2026-12-11,2026-03-31,27,ACTUAL,Mantle Cell Lymphoma,Investigational BCMA CAR-T,BIOLOGICAL,Chinese PLA General Hospital,OTHER,United States,2,75,MALE,CHILD | ADULT | OLDER_ADULT,Overall Survival (OS),False,2022,True
NCT40000464,A Study of Idecabtagene vicleucel (Abecma) in Patients with Acute Lymphoblastic Leukemia,RECRUITING,Phase 1,2022-10-22,2026-12-31,2026-06-08,30,ACTUAL,Acute Lymphoblastic Leukemia,Idecabtagene vicleucel (Abecma),BIOLOGICAL,National Cancer Institute,NIH,United States,12,85,ALL,ADULT,Duration of Response (DOR),False,2022,False
NCT40000165,A Study of Investigational Dual-target CAR-T in Patients with Solid Tumor - Mesothelioma,COMPLETED,Phase 1 | Phase 2,2022-10-31,2025-12-14,2025-06-07,99,ESTIMATED,Solid Tumor - Mesothelioma,Investigational Dual-target CAR-T,BIOLOGICAL,MD Anderson Cancer Center,OTHER,Israel,18,99,ALL,ADULT | OLDER_ADULT,Safety and Tolerability,False,2022,False
NCT40000490,A Study of Investigational CD22 CAR-T in Patients with T-cell Lymphoma,ACTIVE_NOT_RECRUITING,Phase 1 | Phase 2,2022-11-07,2024-07-29,2024-04-15,74,ESTIMATED,T-cell Lymphoma,Investigational CD22 CAR-T,BIOLOGICAL,MD Anderson Cancer Center,OTHER,United States,2,85,ALL,CHILD | ADULT | OLDER_ADULT,Maximum Tolerated Dose (MTD),False,2022,True
NCT40000182,A Study of Investigational CD22 CAR-T in Patients with Solid Tumor - Mesothelioma,RECRUITING,Phase 1 | Phase 2,2022-11-11,2026-12-31,2026-08-17,89,ESTIMATED,Solid Tumor - Mesothelioma,Investigational CD22 CAR-T,BIOLOGICAL,Fred Hutchinson Cancer Center,OTHER,United States,2,99,ALL,CHILD | ADULT,Duration of Response (DOR),False,2022,True
NCT40000067,A Study of Allogeneic CAR-T (off-the-shelf) in Patients with Multiple Myeloma,RECRUITING,Phase 1,2022-11-16,2025-05-04,2024-12-05,36,ESTIMATED,Multiple Myeloma,Allogeneic CAR-T (off-the-shelf),BIOLOGICAL,University of Pennsylvania,OTHER,United States,12,99,FEMALE,ADULT,Progression-Free Survival (PFS),False,2022,False
NCT40000427,A Study of Investigational Mesothelin CAR-T in Patients with B-cell Non-Hodgkin Lymphoma,WITHDRAWN,Phase 1,2022-11-20,2026-12-31,2027-06-22,23,ACTUAL,B-cell Non-Hodgkin Lymphoma,Investigational Mesothelin CAR-T,BIOLOGICAL,Gracell Biotechnologies,INDUSTRY,China,2,99,MALE,CHILD | ADULT,Safety and Tolerability,False,2022,True
NCT40000421,A Study of Investigational CD22 CAR-T in Patients with Mantle Cell Lymphoma,ACTIVE_NOT_RECRUITING,Phase 1,2022-11-23,2025-03-12,2024-10-23,50,ESTIMATED,Mantle Cell Lymphoma,Investigational CD22 CAR-T,BIOLOGICAL,Gracell Biotechnologies,INDUSTRY,United Kingdom,2,99,ALL,CHILD | ADULT,Maximum Tolerated Dose (MTD),False,2022,True
NCT40000049,A Study of Idecabtagene vicleucel (Abecma) in Patients with Solid Tumor - Lung Cancer,RECRUITING,Phase 1 | Phase 2,2022-11-30,2025-11-14,2025-05-18,81,ESTIMATED,Solid Tumor - Lung Cancer,Idecabtagene vicleucel (Abecma),BIOLOGICAL,Poseida Therapeutics,INDUSTRY,South Korea,18,85,FEMALE,ADULT,Cytokine Release Syndrome Incidence,False,2022,False
NCT40000436,A Study of Tisagenlecleucel (Kymriah) in Patients with Acute Myeloid Leukemia,COMPLETED,Phase 1 | Phase 2,2022-12-01,2026-12-31,2026-07-18,88,ESTIMATED,Acute Myeloid Leukemia,Tisagenlecleucel (Kymriah),BIOLOGICAL,Chinese PLA General Hospital,OTHER,Germany,18,85,MALE,ADULT | OLDER_ADULT,Duration of Response (DOR),False,2022,False
NCT40000480,A Study of Tisagenlecleucel (Kymriah) in Patients with Mantle Cell Lymphoma,ACTIVE_NOT_RECRUITING,Phase 1,2022-12-02,2024-04-25,2024-01-31,13,ESTIMATED,Mantle Cell Lymphoma,Tisagenlecleucel (Kymriah),BIOLOGICAL,Peking University,OTHER,Australia,2,99,FEMALE,CHILD | ADULT,Duration of Response (DOR),False,2022,True
NCT40000409,A Study of Investigational GD2 CAR-T in Patients with B-cell Non-Hodgkin Lymphoma,RECRUITING,Phase 2,2022-12-03,2024-05-26,2024-02-26,158,ESTIMATED,B-cell Non-Hodgkin Lymphoma,Investigational GD2 CAR-T,BIOLOGICAL,Peking University,OTHER,Germany,2,80,FEMALE,CHILD | ADULT,Maximum Tolerated Dose (MTD),False,2022,True
NCT40000468,A Study of Investigational CD22 CAR-T in Patients with Solid Tumor - Neuroblastoma,COMPLETED,Phase 1,2022-12-07,2025-09-22,2025-04-05,49,ACTUAL,Solid Tumor - Neuroblastoma,Investigational CD22 CAR-T,BIOLOGICAL,Memorial Sloan Kettering,OTHER,Israel,12,99,FEMALE,ADULT,Progression-Free Survival (PFS),False,2022,False
NCT40000191,A Study of Idecabtagene vicleucel (Abecma) in Patients with B-cell Non-Hodgkin Lymphoma,ACTIVE_NOT_RECRUITING,Phase 1,2023-01-24,2026-12-31,2027-01-13,42,ESTIMATED,B-cell Non-Hodgkin Lymphoma,Idecabtagene vicleucel (Abecma),BIOLOGICAL,Peking University,OTHER,United States,2,75,ALL,CHILD | ADULT,Duration of Response (DOR),False,2023,True
NCT40000076,A Study of Investigational BCMA CAR-T in Patients with Relapsed/Refractory B-cell Lymphoma,COMPLETED,Phase 3,2023-02-17,2026-05-02,2025-10-19,703,ESTIMATED,Relapsed/Refractory B-cell Lymphoma,Investigational BCMA CAR-T,BIOLOGICAL,University of Pennsylvania,OTHER,United States,2,75,FEMALE,CHILD | ADULT,Duration of Response (DOR),False,2023,True
NCT40000500,A Study of Investigational Mesothelin CAR-T in Patients with T-cell Lymphoma,RECRUITING,N/A,2023-02-17,2026-12-31,2028-01-22,39,ESTIMATED,T-cell Lymphoma,Investigational Mesothelin CAR-T,BIOLOGICAL,National Cancer Institute,NIH,United States,18,99,ALL,ADULT,Duration of Response (DOR),False,2023,False
NCT40000225,A Study of Brexucabtagene autoleucel (Tecartus) in Patients with Relapsed/Refractory B-cell Lymphoma,COMPLETED,Phase 1 | Phase 2,2023-02-21,2026-12-31,2026-11-02,68,ACTUAL,Relapsed/Refractory B-cell Lymphoma,Brexucabtagene autoleucel (Tecartus),BIOLOGICAL,Poseida Therapeutics,INDUSTRY,Australia,18,85,FEMALE,ADULT | OLDER_ADULT,Complete Response Rate (CRR),False,2023,False
NCT40000208,A Study of Investigational Dual-target CAR-T in Patients with Pediatric ALL,RECRUITING,Phase 2,2023-03-07,2026-12-31,2027-02-24,221,ESTIMATED,Pediatric ALL,Investigational Dual-target CAR-T,BIOLOGICAL,MD Anderson Cancer Center,OTHER,United States,2,80,ALL,ADULT,Overall Survival (OS),False,2023,True
NCT40000065,A Study of Idecabtagene vicleucel (Abecma) in Patients with Follicular Lymphoma,RECRUITING,Phase 1,2023-03-23,2026-12-31,2027-05-01,39,ACTUAL,Follicular Lymphoma,Idecabtagene vicleucel (Abecma),BIOLOGICAL,Fred Hutchinson Cancer Center,OTHER,Japan,2,85,FEMALE,CHILD | ADULT,Overall Survival (OS),False,2023,True
NCT40000395,A Study of Investigational Dual-target CAR-T in Patients with Solid Tumor - Mesothelioma,NOT_YET_RECRUITING,Phase 1 | Phase 2,2023-03-24,2026-12-31,2027-03-13,57,ESTIMATED,Solid Tumor - Mesothelioma,Investigational Dual-target CAR-T,BIOLOGICAL,Bristol Myers Squibb,INDUSTRY,United States,2,80,ALL,CHILD | ADULT | OLDER_ADULT,Complete Response Rate (CRR),False,2023,True
NCT40000394,A Study of Investigational Mesothelin CAR-T in Patients with Relapsed/Refractory B-cell Lymphoma,RECRUITING,Phase 2,2023-03-27,2025-04-15,2024-12-11,282,ESTIMATED,Relapsed/Refractory B-cell Lymphoma,Investigational Mesothelin CAR-T,BIOLOGICAL,University of Pennsylvania,OTHER,Israel,2,75,ALL,CHILD | ADULT | OLDER_ADULT,Maximum Tolerated Dose (MTD),False,2023,True
NCT40000051,A Study of Investigational Mesothelin CAR-T in Patients with B-cell Non-Hodgkin Lymphoma,ACTIVE_NOT_RECRUITING,Phase 1,2023-04-11,2026-12-31,2026-07-24,48,ESTIMATED,B-cell Non-Hodgkin Lymphoma,Investigational Mesothelin CAR-T,BIOLOGICAL,University of Toronto,OTHER,China,18,75,ALL,ADULT,Progression-Free Survival (PFS),False,2023,False
NCT40000194,A Study of Investigational GD2 CAR-T in Patients with Relapsed/Refractory B-cell Lymphoma,COMPLETED,Phase 1,2023-05-13,2026-12-31,2027-12-13,11,ESTIMATED,Relapsed/Refractory B-cell Lymphoma,Investigational GD2 CAR-T,BIOLOGICAL,Peking University,OTHER,Australia,6,99,ALL,ADULT | OLDER_ADULT,Complete Response Rate (CRR),False,2023,False
NCT40000202,A Study of Idecabtagene vicleucel (Abecma) in Patients with Acute Lymphoblastic Leukemia,TERMINATED,Phase 1 | Phase 2,2023-05-30,2026-12-31,2027-03-05,26,ESTIMATED,Acute Lymphoblastic Leukemia,Idecabtagene vicleucel (Abecma),BIOLOGICAL,Novartis,INDUSTRY,China,18,75,MALE,ADULT,Maximum Tolerated Dose (MTD),False,2023,False
NCT40000365,A Study of Allogeneic CAR-T (off-the-shelf) in Patients with Pediatric ALL,COMPLETED,Phase 1,2023-06-21,2026-12-31,2026-11-22,26,ESTIMATED,Pediatric ALL,Allogeneic CAR-T (off-the-shelf),BIOLOGICAL,Bristol Myers Squibb,INDUSTRY,China,2,99,ALL,ADULT,Overall Survival (OS),False,2023,True
NCT40000359,A Study of Tisagenlecleucel (Kymriah) in Patients with Chronic Lymphocytic Leukemia,NOT_YET_RECRUITING,Phase 2,2023-07-21,2026-12-31,2027-01-16,213,ESTIMATED,Chronic Lymphocytic Leukemia,Tisagenlecleucel (Kymriah),BIOLOGICAL,Poseida Therapeutics,INDUSTRY,United States,18,80,ALL,ADULT,Duration of Response (DOR),False,2023,False
NCT40000346,A Study of Ciltacabtagene autoleucel (Carvykti) in Patients with Chronic Lymphocytic Leukemia,RECRUITING,Phase 1,2023-08-02,2026-12-31,2027-06-02,14,ACTUAL,Chronic Lymphocytic Leukemia,Ciltacabtagene autoleucel (Carvykti),BIOLOGICAL,University of Pennsylvania,OTHER,France,2,99,ALL,CHILD | ADULT,Complete Response Rate (CRR),False,2023,True
NCT40000055,A Study of Investigational CD33 CAR-T in Patients with Follicular Lymphoma,COMPLETED,Phase 1,2023-08-04,2026-12-31,2027-01-05,13,ESTIMATED,Follicular Lymphoma,Investigational CD33 CAR-T,BIOLOGICAL,National Cancer Institute,NIH,United States,2,80,ALL,CHILD | ADULT,Complete Response Rate (CRR),False,2023,True
NCT40000080,A Study of Ciltacabtagene autoleucel (Carvykti) in Patients with B-cell Non-Hodgkin Lymphoma,ACTIVE_NOT_RECRUITING,Phase 1,2023-08-28,2026-12-31,2027-12-20,21,ACTUAL,B-cell Non-Hodgkin Lymphoma,Ciltacabtagene autoleucel (Carvykti),BIOLOGICAL,University of Toronto,OTHER,United States,18,85,FEMALE,ADULT,Cytokine Release Syndrome Incidence,False,2023,False
NCT40000347,A Study of Ciltacabtagene autoleucel (Carvykti) in Patients with Acute Lymphoblastic Leukemia,COMPLETED,Phase 1 | Phase 2,2023-08-29,2025-08-18,2025-04-20,53,ESTIMATED,Acute Lymphoblastic Leukemia,Ciltacabtagene autoleucel (Carvykti),BIOLOGICAL,Peking University,OTHER,United States,2,80,ALL,CHILD | ADULT | OLDER_ADULT,Cytokine Release Syndrome Incidence,False,2023,True
NCT40000252,A Study of Investigational GD2 CAR-T in Patients with Solid Tumor - Mesothelioma,TERMINATED,Phase 1,2023-09-09,2026-12-31,2027-04-01,33,ACTUAL,Solid Tumor - Mesothelioma,Investigational GD2 CAR-T,BIOLOGICAL,Janssen / Johnson & Johnson,INDUSTRY,Canada,2,80,ALL,CHILD | ADULT,Overall Survival (OS),False,2023,True
NCT40000362,A Study of Investigational BCMA CAR-T in Patients with Multiple Myeloma,ACTIVE_NOT_RECRUITING,Phase 1,2023-09-14,2025-09-03,2025-05-06,18,ACTUAL,Multiple Myeloma,Investigational BCMA CAR-T,BIOLOGICAL,Chinese PLA General Hospital,OTHER,United States,18,99,FEMALE,ADULT,Maximum Tolerated Dose (MTD),False,2023,False
NCT40000356,A Study of Investigational BCMA CAR-T in Patients with Acute Myeloid Leukemia,ACTIVE_NOT_RECRUITING,Phase 2,2023-09-30,2024-12-23,2024-10-09,52,ESTIMATED,Acute Myeloid Leukemia,Investigational BCMA CAR-T,BIOLOGICAL,University of Pennsylvania,OTHER,United Kingdom,18,99,FEMALE,ADULT | OLDER_ADULT,Progression-Free Survival (PFS),False,2023,False
NCT40000437,A Study of Investigational Dual-target CAR-T in Patients with Relapsed/Refractory B-cell Lymphoma,RECRUITING,Phase 2,2023-10-07,2026-03-25,2025-10-26,168,ESTIMATED,Relapsed/Refractory B-cell Lymphoma,Investigational Dual-target CAR-T,BIOLOGICAL,National Cancer Institute,NIH,China,18,80,FEMALE,ADULT,Cytokine Release Syndrome Incidence,False,2023,False
NCT40000339,A Study of Investigational CD33 CAR-T in Patients with Solid Tumor - Mesothelioma,RECRUITING,Phase 1,2023-10-13,2026-12-26,2026-06-14,46,ESTIMATED,Solid Tumor - Mesothelioma,Investigational CD33 CAR-T,BIOLOGICAL,Bristol Myers Squibb,INDUSTRY,United States,12,99,FEMALE,ADULT,Maximum Tolerated Dose (MTD),False,2023,False
NCT40000407,A Study of Investigational Mesothelin CAR-T in Patients with Multiple Myeloma,NOT_YET_RECRUITING,Phase 1,2023-10-16,2026-12-31,2027-03-19,8,ACTUAL,Multiple Myeloma,Investigational Mesothelin CAR-T,BIOLOGICAL,MD Anderson Cancer Center,OTHER,China,6,75,ALL,ADULT | OLDER_ADULT,Maximum Tolerated Dose (MTD),False,2023,False
NCT40000370,A Study of Investigational GD2 CAR-T in Patients with Relapsed/Refractory B-cell Lymphoma,RECRUITING,Phase 1 | Phase 2,2023-10-27,2026-12-31,2028-05-28,91,ESTIMATED,Relapsed/Refractory B-cell Lymphoma,Investigational GD2 CAR-T,BIOLOGICAL,Kite Pharma / Gilead,INDUSTRY,United States,2,80,ALL,CHILD | ADULT | OLDER_ADULT,Overall Survival (OS),False,2023,True
NCT40000485,A Study of Ciltacabtagene autoleucel (Carvykti) in Patients with Multiple Myeloma,RECRUITING,Phase 2,2023-11-11,2026-03-30,2025-11-05,63,ACTUAL,Multiple Myeloma,Ciltacabtagene autoleucel (Carvykti),BIOLOGICAL,Kite Pharma / Gilead,INDUSTRY,Canada,12,75,ALL,ADULT | OLDER_ADULT,Cytokine Release Syndrome Incidence,False,2023,False
NCT40000123,A Study of Ciltacabtagene autoleucel (Carvykti) in Patients with Acute Lymphoblastic Leukemia,NOT_YET_RECRUITING,Phase 1,2023-11-12,2026-12-31,2026-09-02,50,ACTUAL,Acute Lymphoblastic Leukemia,Ciltacabtagene autoleucel (Carvykti),BIOLOGICAL,Poseida Therapeutics,INDUSTRY,United States,2,85,ALL,CHILD | ADULT,Cytokine Release Syndrome Incidence,False,2023,True
NCT40000377,A Study of Investigational Dual-target CAR-T in Patients with Acute Myeloid Leukemia,RECRUITING,Phase 2,2023-11-13,2026-12-31,2026-12-12,171,ACTUAL,Acute Myeloid Leukemia,Investigational Dual-target CAR-T,BIOLOGICAL,Gracell Biotechnologies,INDUSTRY,United States,2,75,ALL,CHILD | ADULT,Duration of Response (DOR),False,2023,True
NCT40000383,A Study of Axicabtagene ciloleucel (Yescarta) in Patients with Chronic Lymphocytic Leukemia,RECRUITING,Phase 1,2023-11-14,2025-03-08,2024-12-18,43,ESTIMATED,Chronic Lymphocytic Leukemia,Axicabtagene ciloleucel (Yescarta),BIOLOGICAL,University of Pennsylvania,OTHER,France,18,75,ALL,ADULT,Complete Response Rate (CRR),False,2023,False
NCT40000231,A Study of Tisagenlecleucel (Kymriah) in Patients with Multiple Myeloma,ACTIVE_NOT_RECRUITING,Phase 1,2023-11-29,2026-11-13,2026-05-17,27,ESTIMATED,Multiple Myeloma,Tisagenlecleucel (Kymriah),BIOLOGICAL,Legend Biotech,INDUSTRY,China,2,99,ALL,CHILD | ADULT | OLDER_ADULT,Cytokine Release Syndrome Incidence,False,2023,True
